thang|kdjendok|kdsatker|kddept|kdunit|kdprogram|kdgiat|kdoutput|kdlokasi|kdkabkota|kddekon|kdsoutput|ursoutput|sbmkvol|sbmksat|sbmkmin1|sbmkket|kdsb|volsout|volsbk|kdib
2026|01|527581|015|08|CD|6212|BMB|06|53|2|001|Dukungan Pemberdayaan UMKM untuk Inklusi Pemanfaatan Digipay|0||0|||1|0|00
2026|01|527581|015|08|CD|6212|FAC|06|53|2|001|Komunikasi dan Edukasi Implementasi Aplikasi|0||0|||79|0|00
2026|01|527581|015|08|CD|6212|FAH|06|53|2|001|Edukasi Dalam Rangka Penyusunan Laporan Keuangan Tingkat Kuasa BUN|0||0|||4|0|00
2026|01|527581|015|08|CD|6212|FAL|06|53|2|004|Konsultasi Pencairan Dana|0||0|||10|0|00
2026|01|527581|015|08|CD|6213|FAC|06|53|2|001|Monev Pengembangan Kompetensi KPA, PPK, PPSPM, Bendahara dan Pengelola Perbendaharaan|0||0|||10|0|00
2026|01|527581|015|08|CD|6213|FAE|06|53|2|009|Rekomendasi atas Kinerja Investasi Pemerintah|0||0|||2|0|00
2026|01|527581|015|08|CD|6213|FAL|06|53|2|003|Reviu Belanja Pemerintah|0||0|||1|0|00
2026|01|527581|015|08|CD|6214|FAL|06|53|2|002|Surat Perintah Pencairan/Penarikan/Repayment/Pengesahan Dana|0||0|||1824|0|00
2026|01|527581|015|08|CD|6215|FAH|06|53|2|003|Laporan Keuangan BUN|0||0|||4|0|00
2026|01|527581|015|08|WA|4715|EBA|06|53|2|001|Kerumahtanggaan|0||0|||12|0|00
2026|01|527581|015|08|WA|4715|EBA|06|53|2|002|Dukungan Pimpinan dan Keprotokoleran|0||0|||12|0|00
2026|01|527581|015|08|WA|4715|EBA|06|53|2|994|Layanan Perkantoran|0||0|||12|0|00
2026|01|527581|015|08|WA|4715|EBD|06|53|2|Z36|Dokumen Pengelolaan Kinerja Organisasi|0||0|||2|0|00
2026|01|527581|015|08|WA|4718|BMB|06|53|2|001|Pembinaan/Edukasi Publik|0||0|||2|0|00
2026|01|527581|015|08|WA|4718|BMB|06|53|2|002|Kehumasan|0||0|||1|0|00
2026|01|527581|015|08|WA|4719|EBA|06|53|2|004|Hasil Survey/Rekomendasi Kepuasan Pengguna Layanan|0||0|||2|0|00
2026|01|527581|015|08|WA|4719|EBA|06|53|2|994|Layanan Perkantoran|0||0|||1|0|00
2026|01|527581|015|08|WA|4719|EBC|06|53|2|001|Pengembangan SDM|0||0|||19|0|00
2026|01|527581|015|08|WA|4715|EBB|06|53|2|004|Gedung/Bangunan|0||0|||270|0|00
2026|01|527521|015|08|CD|6212|BMB|05|12|2|001|Dukungan Pemberdayaan UMKM untuk Inklusi Pemanfaatan Digipay|0||0|||2|0|00
2026|01|527521|015|08|CD|6212|FAC|05|12|2|001|Komunikasi dan Edukasi Implementasi Aplikasi|0||0|||61|0|00
2026|01|527521|015|08|CD|6212|FAH|05|12|2|001|Edukasi Dalam Rangka Penyusunan Laporan Keuangan Tingkat Kuasa BUN|0||0|||8|0|00
2026|01|527521|015|08|CD|6212|FAL|05|12|2|004|Konsultasi Pencairan Dana|0||0|||18|0|00
2026|01|527521|015|08|CD|6213|FAC|05|12|2|001|Monev Pengembangan Kompetensi KPA, PPK, PPSPM, Bendahara dan Pengelola Perbendaharaan|0||0|||17|0|00
2026|01|527521|015|08|CD|6213|FAE|05|12|2|009|Rekomendasi atas Kinerja Investasi Pemerintah|0||0|||4|0|00
2026|01|527521|015|08|CD|6213|FAL|05|12|2|003|Reviu Belanja Pemerintah|0||0|||2|0|00
2026|01|527521|015|08|CD|6214|FAL|05|12|2|002|Surat Perintah Pencairan/Penarikan/Repayment/Pengesahan Dana|0||0|||2784|0|00
2026|01|527521|015|08|CD|6215|FAH|05|12|2|003|Laporan Keuangan BUN|0||0|||8|0|00
2026|01|527521|015|08|WA|4715|EBA|05|12|2|001|Kerumahtanggaan|0||0|||12|0|00
2026|01|527521|015|08|WA|4715|EBA|05|12|2|002|Dukungan Pimpinan dan Keprotokoleran|0||0|||12|0|00
2026|01|527521|015|08|WA|4715|EBA|05|12|2|994|Layanan Perkantoran|0||0|||12|0|00
2026|01|527521|015|08|WA|4715|EBD|05|12|2|Z36|Dokumen Pengelolaan Kinerja Organisasi|0||0|||4|0|00
2026|01|527521|015|08|WA|4718|BMB|05|12|2|002|Kehumasan|0||0|||2|0|00
2026|01|527521|015|08|WA|4718|BMB|05|12|2|001|Pembinaan/Edukasi Publik|0||0|||4|0|00
2026|01|527521|015|08|WA|4719|EBA|05|12|2|994|Layanan Perkantoran|0||0|||12|0|00
2026|01|527521|015|08|WA|4719|EBA|05|12|2|004|Hasil Survey/Rekomendasi Kepuasan Pengguna Layanan|0||0|||4|0|00
2026|01|527521|015|08|WA|4719|EBC|05|12|2|001|Pengembangan SDM|0||0|||30|0|00
2026|01|527521|015|08|WA|4715|EBB|05|12|2|004|Gedung/Bangunan|0||0|||335|0|00
2026|01|527268|015|08|CD|6212|BMB|03|51|2|001|Dukungan Pemberdayaan UMKM untuk Inklusi Pemanfaatan Digipay|0||0|||1|0|00
2026|01|527268|015|08|CD|6212|FAC|03|51|2|002|Bimbingan Teknis Pengelola Keuangan BLU|0||0|||985|0|00
2026|01|527268|015|08|CD|6212|FAH|03|51|2|003|Komunikasi dan Edukasi Penyusunan LKKL dan LKBUN|0||0|||4|0|00
2026|01|527268|015|08|CD|6212|FAH|03|51|2|002|Komunikasi dan Edukasi Dalam Rangka Penyusunan Government Financial Statistic (GFS)|0||0|||8|0|00
2026|01|527268|015|08|CD|6212|FAL|03|51|2|001|Pembinaan Pelaksanaan Anggaran|0||0|||8|0|00
2026|01|527268|015|08|CD|6213|ABA|03|51|2|001|Kajian atas Peluang Investasi dan Pinjaman Daerah|0||0|||2|0|00
2026|01|527268|015|08|CD|6213|FAE|03|51|2|009|Rekomendasi atas Kinerja Investasi Pemerintah|0||0|||2|0|00
2026|01|527268|015|08|CD|6213|FAE|03|51|2|008|ALCo Regional|0||0|||2|0|00
2026|01|527268|015|08|CD|6213|FAL|03|51|2|003|Reviu Belanja Pemerintah|0||0|||4|0|00
2026|01|527268|015|08|CD|6215|FAH|03|51|2|003|Laporan Keuangan BUN|0||0|||4|0|00
2026|01|527268|015|08|CD|6215|FAH|03|51|2|001|Government Financial Statistic (GFS)|0||0|||4|0|00
2026|01|527268|015|08|CD|6216|FAE|03|51|2|002|Rekomendasi Tarif Standar Biaya Masukan|0||0|||1|0|00
2026|01|527268|015|08|WA|4715|EBA|03|51|2|001|Kerumahtanggaan|0||0|||12|0|00
2026|01|527268|015|08|WA|4715|EBA|03|51|2|994|Layanan Perkantoran|0||0|||12|0|00
2026|01|527268|015|08|WA|4715|EBA|03|51|2|002|Dukungan Pimpinan dan Keprotokoleran|0||0|||12|0|00
2026|01|527268|015|08|WA|4715|EBB|03|51|2|004|Gedung/Bangunan|0||0|||480|0|00
2026|01|527268|015|08|WA|4715|EBD|03|51|2|Z36|Dokumen Pengelolaan Kinerja Organisasi|0||0|||4|0|00
2026|01|527268|015|08|WA|4715|EBD|03|51|2|Z26|Laporan Keuangan Unit|0||0|||2|0|00
2026|01|527268|015|08|WA|4718|BMB|03|51|2|002|Kehumasan|0||0|||4|0|00
2026|01|527268|015|08|WA|4718|BMB|03|51|2|001|Pembinaan/Edukasi Publik|0||0|||2|0|00
2026|01|527268|015|08|WA|4719|EBA|03|51|2|003|Rekomendasi Pengelolaan Organisasi|0||0|||31|0|00
2026|01|527268|015|08|WA|4719|EBA|03|51|2|994|Layanan Perkantoran|0||0|||12|0|00
2026|01|527268|015|08|WA|4719|EBA|03|51|2|005|Standar Mutu Layanan - ISO Mutu Layanan|0||0|||32|0|00
2026|01|527268|015|08|WA|4719|EBC|03|51|2|001|Pengembangan SDM|0||0|||70|0|00
2026|01|527268|015|08|WA|4722|EBD|03|51|2|001|Rekomendasi Penerapan Pengelolaan Risiko, Pengendalian dan Pengawasan Internal|0||0|||2|0|00
2026|01|527322|015|08|CD|6212|BMB|03|09|2|001|Dukungan Pemberdayaan UMKM untuk Inklusi Pemanfaatan Digipay|0||0|||1|0|00
2026|01|527322|015|08|CD|6212|FAC|03|09|2|001|Komunikasi dan Edukasi Implementasi Aplikasi|0||0|||30|0|00
2026|01|527322|015|08|CD|6212|FAH|03|09|2|001|Edukasi Dalam Rangka Penyusunan Laporan Keuangan Tingkat Kuasa BUN|0||0|||4|0|00
2026|01|527322|015|08|CD|6212|FAL|03|09|2|004|Konsultasi Pencairan Dana|0||0|||9|0|00
2026|01|527322|015|08|CD|6213|FAC|03|09|2|001|Monev Pengembangan Kompetensi KPA, PPK, PPSPM, Bendahara dan Pengelola Perbendaharaan|0||0|||9|0|00
2026|01|527322|015|08|CD|6213|FAE|03|09|2|009|Rekomendasi atas Kinerja Investasi Pemerintah|0||0|||2|0|00
2026|01|527322|015|08|CD|6213|FAL|03|09|2|003|Reviu Belanja Pemerintah|0||0|||1|0|00
2026|01|527322|015|08|CD|6214|FAL|03|09|2|002|Surat Perintah Pencairan/Penarikan/Repayment/Pengesahan Dana|0||0|||1344|0|00
2026|01|527322|015|08|CD|6215|FAH|03|09|2|003|Laporan Keuangan BUN|0||0|||4|0|00
2026|01|527322|015|08|WA|4715|EBA|03|09|2|001|Kerumahtanggaan|0||0|||12|0|00
2026|01|527322|015|08|WA|4715|EBA|03|09|2|002|Dukungan Pimpinan dan Keprotokoleran|0||0|||12|0|00
2026|01|527322|015|08|WA|4715|EBA|03|09|2|994|Layanan Perkantoran|0||0|||12|0|00
2026|01|527322|015|08|WA|4715|EBD|03|09|2|Z36|Dokumen Pengelolaan Kinerja Organisasi|0||0|||2|0|00
2026|01|527322|015|08|WA|4718|BMB|03|09|2|001|Pembinaan/Edukasi Publik|0||0|||2|0|00
2026|01|527322|015|08|WA|4718|BMB|03|09|2|002|Kehumasan|0||0|||1|0|00
2026|01|527322|015|08|WA|4719|EBA|03|09|2|004|Hasil Survey/Rekomendasi Kepuasan Pengguna Layanan|0||0|||2|0|00
2026|01|527322|015|08|WA|4719|EBA|03|09|2|994|Layanan Perkantoran|0||0|||12|0|00
2026|01|527322|015|08|WA|4719|EBC|03|09|2|001|Pengembangan SDM|0||0|||22|0|00
2026|01|527322|015|08|WA|4715|EBB|03|09|2|004|Gedung/Bangunan|0||0|||160|0|00
2026|01|527713|015|08|CD|6213|FAC|07|56|2|001|Monev Pengembangan Kompetensi KPA, PPK, PPSPM, Bendahara dan Pengelola Perbendaharaan|0||0|||9|0|00
2026|01|527713|015|08|CD|6213|FAE|07|56|2|009|Rekomendasi atas Kinerja Investasi Pemerintah|0||0|||2|0|00
2026|01|527713|015|08|CD|6213|FAL|07|56|2|003|Reviu Belanja Pemerintah|0||0|||1|0|00
2026|01|527713|015|08|CD|6214|FAL|07|56|2|002|Surat Perintah Pencairan/Penarikan/Repayment/Pengesahan Dana|0||0|||1176|0|00
2026|01|527713|015|08|CD|6215|FAH|07|56|2|003|Laporan Keuangan BUN|0||0|||4|0|00
2026|01|527713|015|08|WA|4715|EBA|07|56|2|001|Kerumahtanggaan|0||0|||12|0|00
2026|01|527713|015|08|WA|4715|EBA|07|56|2|002|Dukungan Pimpinan dan Keprotokoleran|0||0|||12|0|00
2026|01|527713|015|08|WA|4715|EBA|07|56|2|994|Layanan Perkantoran|0||0|||12|0|00
2026|01|527713|015|08|WA|4715|EBD|07|56|2|Z36|Dokumen Pengelolaan Kinerja Organisasi|0||0|||2|0|00
2026|01|527713|015|08|WA|4718|BMB|07|56|2|002|Kehumasan|0||0|||1|0|00
2026|01|527713|015|08|WA|4718|BMB|07|56|2|001|Pembinaan/Edukasi Publik|0||0|||2|0|00
2026|01|527713|015|08|WA|4719|EBA|07|56|2|994|Layanan Perkantoran|0||0|||12|0|00
2026|01|527713|015|08|WA|4719|EBA|07|56|2|004|Hasil Survey/Rekomendasi Kepuasan Pengguna Layanan|0||0|||2|0|00
2026|01|527713|015|08|WA|4719|EBC|07|56|2|001|Pengembangan SDM|0||0|||13|0|00
2026|01|527713|015|08|CD|6212|BMB|07|56|2|001|Dukungan Pemberdayaan UMKM untuk Inklusi Pemanfaatan Digipay|0||0|||1|0|00
2026|01|527713|015|08|CD|6212|FAC|07|56|2|001|Komunikasi dan Edukasi Implementasi Aplikasi|0||0|||27|0|00
2026|01|527713|015|08|CD|6212|FAH|07|56|2|001|Edukasi Dalam Rangka Penyusunan Laporan Keuangan Tingkat Kuasa BUN|0||0|||4|0|00
2026|01|527713|015|08|CD|6212|FAL|07|56|2|004|Konsultasi Pencairan Dana|0||0|||9|0|00
2026|01|527713|015|08|WA|4715|EBB|07|56|2|002|Peralatan Fasilitas Perkantoran|0||0|||3|0|00
2026|01|528722|015|08|CD|6212|BMB|33|51|2|001|Dukungan Pemberdayaan UMKM untuk Inklusi Pemanfaatan Digipay|0||0|||1|0|00
2026|01|528722|015|08|CD|6212|FAC|33|51|2|001|Komunikasi dan Edukasi Implementasi Aplikasi|0||0|||78|0|00
2026|01|528722|015|08|CD|6212|FAH|33|51|2|001|Edukasi Dalam Rangka Penyusunan Laporan Keuangan Tingkat Kuasa BUN|0||0|||4|0|00
2026|01|528722|015|08|CD|6212|FAL|33|51|2|004|Konsultasi Pencairan Dana|0||0|||9|0|00
2026|01|528722|015|08|CD|6213|FAC|33|51|2|001|Monev Pengembangan Kompetensi KPA, PPK, PPSPM, Bendahara dan Pengelola Perbendaharaan|0||0|||10|0|00
2026|01|528722|015|08|CD|6213|FAE|33|51|2|009|Rekomendasi atas Kinerja Investasi Pemerintah|0||0|||2|0|00
2026|01|528722|015|08|CD|6213|FAL|33|51|2|003|Reviu Belanja Pemerintah|0||0|||1|0|00
2026|01|528722|015|08|CD|6214|FAL|33|51|2|002|Surat Perintah Pencairan/Penarikan/Repayment/Pengesahan Dana|0||0|||3408|0|00
2026|01|528722|015|08|CD|6215|FAH|33|51|2|003|Laporan Keuangan BUN|0||0|||4|0|00
2026|01|528722|015|08|WA|4715|EBA|33|51|2|001|Kerumahtanggaan|0||0|||12|0|00
2026|01|528722|015|08|WA|4715|EBA|33|51|2|002|Dukungan Pimpinan dan Keprotokoleran|0||0|||12|0|00
2026|01|528722|015|08|WA|4715|EBA|33|51|2|994|Layanan Perkantoran|0||0|||12|0|00
2026|01|528722|015|08|WA|4715|EBD|33|51|2|Z36|Dokumen Pengelolaan Kinerja Organisasi|0||0|||2|0|00
2026|01|528722|015|08|WA|4718|BMB|33|51|2|001|Pembinaan/Edukasi Publik|0||0|||2|0|00
2026|01|528722|015|08|WA|4718|BMB|33|51|2|002|Kehumasan|0||0|||1|0|00
2026|01|528722|015|08|WA|4719|EBA|33|51|2|004|Hasil Survey/Rekomendasi Kepuasan Pengguna Layanan|0||0|||2|0|00
2026|01|528722|015|08|WA|4719|EBA|33|51|2|994|Layanan Perkantoran|0||0|||12|0|00
2026|01|528722|015|08|WA|4719|EBC|33|51|2|001|Pengembangan SDM|0||0|||19|0|00
2026|01|528722|015|08|WA|6990|ABA|33|51|2|001|Rekomendasi Kebijakan terkait Percepatan Pembangunan dan Otonomi Khusus Papua|0||0|||4|0|00
2026|01|528722|015|08|WA|4715|EBB|33|51|2|004|Gedung/Bangunan|0||0|||146|0|00
2026|01|528544|015|08|CD|6212|BMB|22|51|2|001|Dukungan Pemberdayaan UMKM untuk Inklusi Pemanfaatan Digipay|0||0|||1|0|00
2026|01|528544|015|08|CD|6212|FAC|22|51|2|002|Bimbingan Teknis Pengelola Keuangan BLU|0||0|||118|0|00
2026|01|528544|015|08|CD|6212|FAH|22|51|2|003|Komunikasi dan Edukasi Penyusunan LKKL dan LKBUN|0||0|||4|0|00
2026|01|528544|015|08|CD|6212|FAH|22|51|2|002|Komunikasi dan Edukasi Dalam Rangka Penyusunan Government Financial Statistic (GFS)|0||0|||7|0|00
2026|01|528544|015|08|CD|6212|FAL|22|51|2|001|Pembinaan Pelaksanaan Anggaran|0||0|||8|0|00
2026|01|528544|015|08|CD|6213|ABA|22|51|2|001|Kajian atas Peluang Investasi dan Pinjaman Daerah|0||0|||2|0|00
2026|01|528544|015|08|CD|6213|FAE|22|51|2|009|Rekomendasi atas Kinerja Investasi Pemerintah|0||0|||2|0|00
2026|01|528544|015|08|CD|6213|FAE|22|51|2|008|ALCo Regional|0||0|||2|0|00
2026|01|528544|015|08|CD|6213|FAL|22|51|2|003|Reviu Belanja Pemerintah|0||0|||4|0|00
2026|01|528544|015|08|CD|6215|FAH|22|51|2|003|Laporan Keuangan BUN|0||0|||4|0|00
2026|01|528544|015|08|CD|6215|FAH|22|51|2|001|Government Financial Statistic (GFS)|0||0|||4|0|00
2026|01|528544|015|08|CD|6216|FAE|22|51|2|002|Rekomendasi Tarif Standar Biaya Masukan|0||0|||1|0|00
2026|01|528544|015|08|WA|4715|EBA|22|51|2|001|Kerumahtanggaan|0||0|||12|0|00
2026|01|528544|015|08|WA|4715|EBA|22|51|2|002|Dukungan Pimpinan dan Keprotokoleran|0||0|||12|0|00
2026|01|528544|015|08|WA|4715|EBA|22|51|2|994|Layanan Perkantoran|0||0|||12|0|00
2026|01|528544|015|08|WA|4715|EBD|22|51|2|Z36|Dokumen Pengelolaan Kinerja Organisasi|0||0|||4|0|00
2026|01|528544|015|08|WA|4715|EBD|22|51|2|Z26|Laporan Keuangan Unit|0||0|||2|0|00
2026|01|528544|015|08|WA|4718|BMB|22|51|2|002|Kehumasan|0||0|||4|0|00
2026|01|528544|015|08|WA|4718|BMB|22|51|2|001|Pembinaan/Edukasi Publik|0||0|||2|0|00
2026|01|528544|015|08|WA|4719|EBA|22|51|2|994|Layanan Perkantoran|0||0|||12|0|00
2026|01|528544|015|08|WA|4719|EBA|22|51|2|005|Standar Mutu Layanan - ISO Mutu Layanan|0||0|||8|0|00
2026|01|528544|015|08|WA|4719|EBA|22|51|2|003|Rekomendasi Pengelolaan Organisasi|0||0|||7|0|00
2026|01|528544|015|08|WA|4719|EBC|22|51|2|001|Pengembangan SDM|0||0|||55|0|00
2026|01|528544|015|08|WA|4722|EBD|22|51|2|001|Rekomendasi Penerapan Pengelolaan Risiko, Pengendalian dan Pengawasan Internal|0||0|||2|0|00
2026|01|528544|015|08|WA|4715|EBB|22|51|2|004|Gedung/Bangunan|0||0|||136|0|00
2026|01|528750|015|08|CD|6212|BMB|25|10|2|001|Dukungan Pemberdayaan UMKM untuk Inklusi Pemanfaatan Digipay|0||0|||1|0|00
2026|01|528750|015|08|CD|6212|FAC|25|10|2|001|Komunikasi dan Edukasi Implementasi Aplikasi|0||0|||57|0|00
2026|01|528750|015|08|CD|6212|FAH|25|10|2|001|Edukasi Dalam Rangka Penyusunan Laporan Keuangan Tingkat Kuasa BUN|0||0|||4|0|00
2026|01|528750|015|08|CD|6212|FAL|25|10|2|004|Konsultasi Pencairan Dana|0||0|||9|0|00
2026|01|528750|015|08|CD|6213|FAC|25|10|2|001|Monev Pengembangan Kompetensi KPA, PPK, PPSPM, Bendahara dan Pengelola Perbendaharaan|0||0|||9|0|00
2026|01|528750|015|08|CD|6213|FAE|25|10|2|009|Rekomendasi atas Kinerja Investasi Pemerintah|0||0|||2|0|00
2026|01|528750|015|08|CD|6213|FAL|25|10|2|003|Reviu Belanja Pemerintah|0||0|||1|0|00
2026|01|528750|015|08|CD|6214|FAL|25|10|2|002|Surat Perintah Pencairan/Penarikan/Repayment/Pengesahan Dana|0||0|||2424|0|00
2026|01|528750|015|08|CD|6215|FAH|25|10|2|003|Laporan Keuangan BUN|0||0|||4|0|00
2026|01|528750|015|08|WA|4715|EBA|25|10|2|002|Dukungan Pimpinan dan Keprotokoleran|0||0|||12|0|00
2026|01|528750|015|08|WA|4715|EBA|25|10|2|001|Kerumahtanggaan|0||0|||12|0|00
2026|01|528750|015|08|WA|4715|EBA|25|10|2|994|Layanan Perkantoran|0||0|||12|0|00
2026|01|528750|015|08|WA|4715|EBB|25|10|2|004|Gedung/Bangunan|0||0|||491|0|00
2026|01|528750|015|08|WA|4715|EBD|25|10|2|Z36|Dokumen Pengelolaan Kinerja Organisasi|0||0|||2|0|00
2026|01|528750|015|08|WA|4718|BMB|25|10|2|002|Kehumasan|0||0|||1|0|00
2026|01|528750|015|08|WA|4718|BMB|25|10|2|001|Pembinaan/Edukasi Publik|0||0|||2|0|00
2026|01|528750|015|08|WA|4719|EBA|25|10|2|994|Layanan Perkantoran|0||0|||12|0|00
2026|01|528750|015|08|WA|4719|EBA|25|10|2|004|Hasil Survey/Rekomendasi Kepuasan Pengguna Layanan|0||0|||2|0|00
2026|01|528750|015|08|WA|4719|EBC|25|10|2|001|Pengembangan SDM|0||0|||16|0|00
2026|01|528750|015|08|WA|6990|ABA|25|10|2|001|Rekomendasi Kebijakan terkait Percepatan Pembangunan dan Otonomi Khusus Papua|0||0|||4|0|00
2026|01|527776|015|08|CD|6212|BMB|08|55|2|001|Dukungan Pemberdayaan UMKM untuk Inklusi Pemanfaatan Digipay|0||0|||1|0|00
2026|01|527776|015|08|CD|6212|FAC|08|55|2|002|Bimbingan Teknis Pengelola Keuangan BLU|0||0|||34|0|00
2026|01|527776|015|08|CD|6212|FAH|08|55|2|003|Komunikasi dan Edukasi Penyusunan LKKL dan LKBUN|0||0|||4|0|00
2026|01|527776|015|08|CD|6212|FAH|08|55|2|002|Komunikasi dan Edukasi Dalam Rangka Penyusunan Government Financial Statistic (GFS)|0||0|||7|0|00
2026|01|527776|015|08|CD|6212|FAL|08|55|2|001|Pembinaan Pelaksanaan Anggaran|0||0|||8|0|00
2026|01|527776|015|08|CD|6213|ABA|08|55|2|001|Kajian atas Peluang Investasi dan Pinjaman Daerah|0||0|||2|0|00
2026|01|527776|015|08|CD|6213|FAE|08|55|2|009|Rekomendasi atas Kinerja Investasi Pemerintah|0||0|||2|0|00
2026|01|527776|015|08|CD|6213|FAE|08|55|2|008|ALCo Regional|0||0|||2|0|00
2026|01|527776|015|08|CD|6213|FAL|08|55|2|003|Reviu Belanja Pemerintah|0||0|||4|0|00
2026|01|527776|015|08|CD|6215|FAH|08|55|2|003|Laporan Keuangan BUN|0||0|||4|0|00
2026|01|527776|015|08|CD|6215|FAH|08|55|2|001|Government Financial Statistic (GFS)|0||0|||4|0|00
2026|01|527776|015|08|CD|6216|FAE|08|55|2|002|Rekomendasi Tarif Standar Biaya Masukan|0||0|||1|0|00
2026|01|527776|015|08|WA|4715|EBA|08|55|2|001|Kerumahtanggaan|0||0|||1|0|00
2026|01|527776|015|08|WA|4715|EBA|08|55|2|002|Dukungan Pimpinan dan Keprotokoleran|0||0|||1|0|00
2026|01|527776|015|08|WA|4715|EBA|08|55|2|994|Layanan Perkantoran|0||0|||1|0|00
2026|01|527776|015|08|WA|4715|EBD|08|55|2|Z36|Dokumen Pengelolaan Kinerja Organisasi|0||0|||4|0|00
2026|01|527776|015|08|WA|4715|EBD|08|55|2|Z26|Laporan Keuangan Unit|0||0|||2|0|00
2026|01|527776|015|08|WA|4718|BMB|08|55|2|002|Kehumasan|0||0|||4|0|00
2026|01|527776|015|08|WA|4718|BMB|08|55|2|001|Pembinaan/Edukasi Publik|0||0|||2|0|00
2026|01|527776|015|08|WA|4719|EBA|08|55|2|003|Rekomendasi Pengelolaan Organisasi|0||0|||13|0|00
2026|01|527776|015|08|WA|4719|EBA|08|55|2|994|Layanan Perkantoran|0||0|||1|0|00
2026|01|527776|015|08|WA|4719|EBA|08|55|2|005|Standar Mutu Layanan - ISO Mutu Layanan|0||0|||14|0|00
2026|01|527776|015|08|WA|4719|EBC|08|55|2|001|Pengembangan SDM|0||0|||51|0|00
2026|01|527776|015|08|WA|4722|EBD|08|55|2|001|Rekomendasi Penerapan Pengelolaan Risiko, Pengendalian dan Pengawasan Internal|0||0|||2|0|00
2026|01|527776|015|08|WA|4715|EBB|08|55|2|004|Gedung/Bangunan|0||0|||50|0|00
2026|01|527010|015|08|CD|6212|AEF|01|51|1|001|Komunikasi Peraturan dan Pedoman Mengenai Akuntansi dan Pelaporan Keuangan Pemerintah|0||0|||301|0|00
2026|01|527010|015|08|CD|6212|AEF|01|51|1|002|Komunikasi Peraturan dan Pedoman Mengenai Pembayaran Atas Beban APBN|0||0|||57|0|00
2026|01|527010|015|08|CD|6212|AEF|01|51|1|004|Komunikasi dan Edukasi Peraturan, Ketetapan dan Pedoman Mengenai Investasi Pemerintah|0||0|||190|0|00
2026|01|527010|015|08|CD|6212|AEF|01|51|1|005|Komunikasi dan Edukasi Implementasi Aplikasi Investasi Pemerintah|0||0|||62|0|00
2026|01|527010|015|08|CD|6212|FAC|01|51|1|001|Komunikasi dan Edukasi Implementasi Aplikasi|0||0|||3|0|00
2026|01|527010|015|08|CD|6212|FAC|01|51|1|003|Peningkatan dan Pengembangan Kapasitas Pembina dan Pengelola Keuangan BLU|0||0|||36|0|00
2026|01|527010|015|08|CD|6212|FAC|01|51|1|004|Edukasi Satker terkait Peningkatan Fungsi Aplikasi BIOS|0||0|||156|0|00
2026|01|527010|015|08|CD|6212|FAC|01|51|1|005|Edukasi Penyaluran DAK Fisik dan Dana Desa|0||0|||133|0|00
2026|01|527010|015|08|CD|6212|FAC|01|51|1|007|Penajaman Metode Analytical BLU|0||0|||1|0|00
2026|01|527010|015|08|CD|6212|FAC|01|51|1|008|Standardisasi Kompetensi Pengelola Perbendaharaan dan Edukasi Jabatan Fungsional Bidang Perbendaharaan|0||0|||14678|0|00
2026|01|527010|015|08|CD|6212|FAH|01|51|1|001|Edukasi Dalam Rangka Penyusunan Laporan Keuangan Tingkat Kuasa BUN|0||0|||19|0|00
2026|01|527010|015|08|CD|6212|FAH|01|51|1|002|Komunikasi dan Edukasi Dalam Rangka Penyusunan Government Financial Statistic (GFS)|0||0|||3|0|00
2026|01|527010|015|08|CD|6212|FAH|01|51|1|003|Komunikasi dan Edukasi Penyusunan LKKL dan LKBUN|0||0|||60|0|00
2026|01|527010|015|08|CD|6212|FAL|01|51|1|002|Komunikasi dan Edukasi Dalam Rangka Penerimaan dan Pengeluaran Kas|0||0|||16|0|00
2026|01|527010|015|08|CD|6212|FAN|01|51|1|ZZ1|Pemenuhan Prioritas Direktif Presiden|0||0|||1|0|42
2026|01|527010|015|08|CD|6212|UAL|01|51|1|208|Implementasi Digital Payment Marketplace pada Satker Kementerian Negara/Lembaga (PN)|0||0|||50000|0|00
2026|01|527010|015|08|CD|6213|FAE|01|51|1|001|Monev Pengelolaan Kas Negara|0||0|||2|0|00
2026|01|527010|015|08|CD|6213|FAE|01|51|1|002|Rekomendasi Peningkatan Efektivitas dan Akuntabilitas Pelaksanaan APBN|0||0|||2|0|00
2026|01|527010|015|08|CD|6213|FAE|01|51|1|003|Rekomendasi atas Peningatan Kinerja Keuangan BLU dan Investasi Pemerintah di Daerah|0||0|||6|0|00
2026|01|527010|015|08|CD|6213|FAE|01|51|1|004|Rekomendasi Terkat Kemitraan dengan Perbankan|0||0|||2|0|00
2026|01|527010|015|08|CD|6213|FAE|01|51|1|009|Rekomendasi atas Kinerja Investasi Pemerintah|0||0|||6|0|00
2026|01|527010|015|08|CD|6213|FAH|01|51|1|001|Rekomendasi atas Penyusunan Laporan Keuangan Pemerintah|0||0|||1|0|00
2026|01|527010|015|08|CD|6213|FAL|01|51|1|003|Reviu Belanja Pemerintah|0||0|||4|0|00
2026|01|527010|015|08|CD|6214|AED|01|51|1|002|Perjanjian Terkait Investasi Pemerintah|0||0|||9|0|00
2026|01|527010|015|08|CD|6214|FAE|01|51|1|001|Kajian dan Rekomendasi Terkait Investasi Pemerintah|0||0|||31|0|00
2026|01|527010|015|08|CD|6214|FAL|01|51|1|003|Dana Hasil dari Pengelolaan Kas Negara|0||0|||5500000000|0|00
2026|01|527010|015|08|CD|6214|UAE|01|51|1|203|Evaluasi Atas Implementasi Skema Baru Pembiayaan UMKM pada Pusat Investasi Pemerintah (PN)|0||0|||5|0|00
2026|01|527010|015|08|CD|6215|FAH|01|51|1|001|Government Financial Statistic (GFS)|0||0|||10|0|00
2026|01|527010|015|08|CD|6215|FAH|01|51|1|003|Laporan Keuangan BUN|0||0|||11|0|00
2026|01|527010|015|08|CD|6215|FAH|01|51|1|004|Laporan Keuangan Pemerintah Pusat|0||0|||2|0|00
2026|01|527010|015|08|CD|6215|FAH|01|51|1|005|Laporan Keuangan BA BUN 999.03, 999.04, 999.07|0||0|||3|0|00
2026|01|527010|015|08|CD|6216|AAA|01|51|1|A01|RUU P2 APBN|0||0|||1|0|00
2026|01|527010|015|08|CD|6216|AAC|01|51|1|B01|RPP Pelaksanaan Anggaran|0||0|||1|0|00
2026|01|527010|015|08|CD|6216|AAG|01|51|1|D01|Peraturan Menteri Keuangan Mengenai Pengelolaan Keuangan Badan Layanan Umum|0||0|||24|0|00
2026|01|527010|015|08|CD|6216|AAG|01|51|1|E01|Peraturan Menteri Mengenai Pembayaran Atas Beban APBN|0||0|||2|0|00
2026|01|527010|015|08|CD|6216|AAG|01|51|1|E02|Peraturan, Ketetapan dan Pedoman Menteri Mengenai Investasi Pemerintah|0||0|||3|0|00
2026|01|527010|015|08|CD|6216|AAH|01|51|1|F01|Pedoman Mengenai Akuntansi dan Pelaporan Keuangan Pemerintah|0||0|||5|0|00
2026|01|527010|015|08|CD|6216|AAH|01|51|1|F02|Peraturan Lainnya Mengenai Pembayaran Atas Beban APBN|0||0|||2|0|00
2026|01|527010|015|08|CD|6216|AAH|01|51|1|F03|Peraturan dan Ketetapan Lainnya Mengenai Pengelolaan Kas dan Rekening Pemerintah|0||0|||2|0|00
2026|01|527010|015|08|CD|6216|AAH|01|51|1|F04|Peraturan Lainnya Mengenai Pengelolaan Keuangan Badan Layanan Umum|0||0|||2|0|00
2026|01|527010|015|08|CD|6216|FAE|01|51|1|001|Masukan Pemerintah terkait Pencetakan Uang oleh Bank Indonesia|0||0|||1|0|00
2026|01|527010|015|08|CD|6216|FAE|01|51|1|003|Kajian Peningkatan Efektifitas dan Akuntabilitas Pelaksanaan APBN|0||0|||2|0|00
2026|01|527010|015|08|CD|6216|FAE|01|51|1|004|Implementasi Virtual Account Rekening Penerimaan|0||0|||7|0|00
2026|01|527010|015|08|WA|4711|EBA|01|51|1|Z04|Layanan Bantuan Hukum|0||0|||1|0|00
2026|01|527010|015|08|WA|4715|EBA|01|51|1|001|Kerumahtanggaan|0||0|||12|0|00
2026|01|527010|015|08|WA|4715|EBA|01|51|1|002|Dukungan Pimpinan dan Keprotokoleran|0||0|||12|0|00
2026|01|527010|015|08|WA|4715|EBA|01|51|1|003|Rencana Kebutuhan BMN dan Pengelolaannya Unit|0||0|||12|0|00
2026|01|527010|015|08|WA|4715|EBA|01|51|1|994|Layanan Perkantoran|0||0|||12|0|00
2026|01|527010|015|08|WA|4715|EBB|01|51|1|002|Peralatan Fasilitas Perkantoran|0||0|||174|0|00
2026|01|527010|015|08|WA|4715|EBB|01|51|1|004|Gedung/Bangunan|0||0|||2684|0|00
2026|01|527010|015|08|WA|4715|EBD|01|51|1|001|Rencana Kerja dan Anggaran Unit|0||0|||5|0|00
2026|01|527010|015|08|WA|4715|EBD|01|51|1|004|Dokumen Perbendaharaan Unit|0||0|||1|0|00
2026|01|527010|015|08|WA|4715|EBD|01|51|1|974|Layanan Penyelenggaraan Kearsipan|0||0|||2|0|00
2026|01|527010|015|08|WA|4715|EBD|01|51|1|Z26|Laporan Keuangan Unit|0||0|||1|0|00
2026|01|527010|015|08|WA|4715|EBD|01|51|1|Z36|Dokumen Pengelolaan Kinerja Organisasi|0||0|||12|0|00
2026|01|527010|015|08|WA|4718|BMB|01|51|1|001|Pembinaan/Edukasi Publik|0||0|||4|0|00
2026|01|527010|015|08|WA|4718|BMB|01|51|1|002|Kehumasan|0||0|||3|0|00
2026|01|527010|015|08|WA|4718|BMB|01|51|1|003|Implementasi PUG|0||0|||1|0|00
2026|01|527010|015|08|WA|4719|EBA|01|51|1|003|Rekomendasi Pengelolaan Organisasi|0||0|||18|0|00
2026|01|527010|015|08|WA|4719|EBA|01|51|1|004|Hasil Survey/Rekomendasi Kepuasan Pengguna Layanan|0||0|||2|0|00
2026|01|527010|015|08|WA|4719|EBA|01|51|1|006|Unit Yang Memperoleh Predikat ZI/WBK/WBBM|0||0|||3|0|00
2026|01|527010|015|08|WA|4719|EBA|01|51|1|007|Implementasi ISO 37001 tentang Sistem Manajemen Anti Penyuapan|0||0|||1|0|00
2026|01|527010|015|08|WA|4719|EBA|01|51|1|994|Layanan Perkantoran|0||0|||1|0|00
2026|01|527010|015|08|WA|4719|EBC|01|51|1|001|Pengembangan SDM|0||0|||102|0|00
2026|01|527010|015|08|WA|4719|EBC|01|51|1|003|Administrasi Kepegawaian|0||0|||1200|0|00
2026|01|527010|015|08|WA|4719|EBC|01|51|1|004|Pengelolaan Jabatan Fungsional|0||0|||206|0|00
2026|01|527010|015|08|WA|4722|EBD|01|51|1|001|Rekomendasi Penerapan Pengelolaan Risiko, Pengendalian dan Pengawasan Internal|0||0|||1|0|00
2026|01|527010|015|08|WA|4722|EBD|01|51|1|002|Rekomendasi Manajemen Risiko|0||0|||1|0|00
2026|01|527010|015|08|WA|4722|EBD|01|51|1|003|Rekomendasi Kepatuhan Internal|0||0|||1|0|00
2026|01|527010|015|08|WA|4725|CCL|01|51|1|001|Operational Maintenance Sistem Aplikasi BUN|0||0|||10|0|00
2026|01|527010|015|08|WA|4725|CCL|01|51|1|002|Operational Maintenance Sistem Aplikasi Satker|0||0|||9|0|00
2026|01|527010|015|08|WA|4725|CCL|01|51|1|003|Operational Maintenance Sistem Aplikasi Perbendaharaan|0||0|||6|0|00
2026|01|527010|015|08|WA|4725|FAB|01|51|1|001|Sistem Pengelolaan Data Analitik|0||0|||1|0|00
2026|01|527010|015|08|WA|4725|FAB|01|51|1|002| Sistem Aplikasi BUN|0||0|||3|0|00
2026|01|527010|015|08|WA|4725|FAB|01|51|1|003|Sistem Aplikasi Perbendaharaan|0||0|||1|0|00
2026|01|527010|015|08|WA|4725|FAB|01|51|1|004|Sistem Aplikasi Satker|0||0|||1|0|00
2026|01|527010|015|08|WA|4725|FAB|01|51|1|006|Sistem Informasi Keuangan Republik Indonesia (SIKRI) Gen. 2|0||0|||1|0|00
2026|01|527010|015|08|WA|4725|FAB|01|51|1|008|Sistem Monev Kinerja Anggaran Belanja K/L Terintegrasi (IKPA dan EKA)|0||0|||2|0|00
2026|01|527010|015|08|WA|4725|FAB|01|51|1|307|Sistem Layanan Platform Pembayaran Pemerintah (PPP) (PU)|0||0|||1|0|00
2026|01|579330|015|08|CD|6212|BMB|01|54|2|001|Dukungan Pemberdayaan UMKM untuk Inklusi Pemanfaatan Digipay|0||0|||1|0|00
2026|01|579330|015|08|CD|6212|FAC|01|54|2|001|Komunikasi dan Edukasi Implementasi Aplikasi|0||0|||130|0|00
2026|01|579330|015|08|CD|6212|FAH|01|54|2|001|Edukasi Dalam Rangka Penyusunan Laporan Keuangan Tingkat Kuasa BUN|0||0|||4|0|00
2026|01|579330|015|08|CD|6212|FAL|01|54|2|004|Konsultasi Pencairan Dana|0||0|||10|0|00
2026|01|579330|015|08|CD|6213|FAC|01|54|2|001|Monev Pengembangan Kompetensi KPA, PPK, PPSPM, Bendahara dan Pengelola Perbendaharaan|0||0|||10|0|00
2026|01|579330|015|08|CD|6213|FAE|01|54|2|009|Rekomendasi atas Kinerja Investasi Pemerintah|0||0|||2|0|00
2026|01|579330|015|08|CD|6213|FAL|01|54|2|003|Reviu Belanja Pemerintah|0||0|||1|0|00
2026|01|579330|015|08|CD|6214|FAL|01|54|2|002|Surat Perintah Pencairan/Penarikan/Repayment/Pengesahan Dana|0||0|||6216|0|00
2026|01|579330|015|08|CD|6215|FAH|01|54|2|003|Laporan Keuangan BUN|0||0|||4|0|00
2026|01|579330|015|08|WA|4715|EBA|01|54|2|001|Kerumahtanggaan|0||0|||12|0|00
2026|01|579330|015|08|WA|4715|EBA|01|54|2|002|Dukungan Pimpinan dan Keprotokoleran|0||0|||12|0|00
2026|01|579330|015|08|WA|4715|EBA|01|54|2|994|Layanan Perkantoran|0||0|||12|0|00
2026|01|579330|015|08|WA|4715|EBB|01|54|2|002|Peralatan Fasilitas Perkantoran|0||0|||20|0|00
2026|01|579330|015|08|WA|4715|EBB|01|54|2|004|Gedung/Bangunan|0||0|||2775|0|00
2026|01|579330|015|08|WA|4715|EBD|01|54|2|Z36|Dokumen Pengelolaan Kinerja Organisasi|0||0|||2|0|00
2026|01|579330|015|08|WA|4718|BMB|01|54|2|001|Pembinaan/Edukasi Publik|0||0|||2|0|00
2026|01|579330|015|08|WA|4718|BMB|01|54|2|002|Kehumasan|0||0|||1|0|00
2026|01|579330|015|08|WA|4719|EBA|01|54|2|004|Hasil Survey/Rekomendasi Kepuasan Pengguna Layanan|0||0|||2|0|00
2026|01|579330|015|08|WA|4719|EBA|01|54|2|994|Layanan Perkantoran|0||0|||12|0|00
2026|01|579330|015|08|WA|4719|EBC|01|54|2|001|Pengembangan SDM|0||0|||38|0|00
2026|01|528764|015|08|CD|6212|BMB|25|08|2|001|Dukungan Pemberdayaan UMKM untuk Inklusi Pemanfaatan Digipay|0||0|||1|0|00
2026|01|528764|015|08|CD|6212|FAC|25|08|2|001|Komunikasi dan Edukasi Implementasi Aplikasi|0||0|||41|0|00
2026|01|528764|015|08|CD|6212|FAH|25|08|2|001|Edukasi Dalam Rangka Penyusunan Laporan Keuangan Tingkat Kuasa BUN|0||0|||4|0|00
2026|01|528764|015|08|CD|6212|FAL|25|08|2|004|Konsultasi Pencairan Dana|0||0|||8|0|00
2026|01|528764|015|08|CD|6213|FAC|25|08|2|001|Monev Pengembangan Kompetensi KPA, PPK, PPSPM, Bendahara dan Pengelola Perbendaharaan|0||0|||7|0|00
2026|01|528764|015|08|CD|6213|FAE|25|08|2|009|Rekomendasi atas Kinerja Investasi Pemerintah|0||0|||2|0|00
2026|01|528764|015|08|CD|6213|FAL|25|08|2|003|Reviu Belanja Pemerintah|0||0|||1|0|00
2026|01|528764|015|08|CD|6214|FAL|25|08|2|002|Surat Perintah Pencairan/Penarikan/Repayment/Pengesahan Dana|0||0|||1512|0|00
2026|01|528764|015|08|CD|6215|FAH|25|08|2|003|Laporan Keuangan BUN|0||0|||4|0|00
2026|01|528764|015|08|WA|4715|EBA|25|08|2|001|Kerumahtanggaan|0||0|||12|0|00
2026|01|528764|015|08|WA|4715|EBA|25|08|2|994|Layanan Perkantoran|0||0|||12|0|00
2026|01|528764|015|08|WA|4715|EBA|25|08|2|002|Dukungan Pimpinan dan Keprotokoleran|0||0|||12|0|00
2026|01|528764|015|08|WA|4715|EBB|25|08|2|002|Peralatan Fasilitas Perkantoran|0||0|||59|0|00
2026|01|528764|015|08|WA|4715|EBB|25|08|2|004|Gedung/Bangunan|0||0|||622|0|00
2026|01|528764|015|08|WA|4715|EBD|25|08|2|Z36|Dokumen Pengelolaan Kinerja Organisasi|0||0|||2|0|00
2026|01|528764|015|08|WA|4718|BMB|25|08|2|002|Kehumasan|0||0|||1|0|00
2026|01|528764|015|08|WA|4718|BMB|25|08|2|001|Pembinaan/Edukasi Publik|0||0|||2|0|00
2026|01|528764|015|08|WA|4719|EBA|25|08|2|994|Layanan Perkantoran|0||0|||12|0|00
2026|01|528764|015|08|WA|4719|EBA|25|08|2|004|Hasil Survey/Rekomendasi Kepuasan Pengguna Layanan|0||0|||2|0|00
2026|01|528764|015|08|WA|4719|EBC|25|08|2|001|Pengembangan SDM|0||0|||14|0|00
2026|01|528764|015|08|WA|6990|ABA|25|08|2|001|Rekomendasi Kebijakan terkait Percepatan Pembangunan dan Otonomi Khusus Papua|0||0|||4|0|00
2026|01|613832|015|08|CD|6212|BMB|25|12|2|001|Dukungan Pemberdayaan UMKM untuk Inklusi Pemanfaatan Digipay|0||0|||1|0|00
2026|01|613832|015|08|CD|6212|FAC|25|12|2|001|Komunikasi dan Edukasi Implementasi Aplikasi|0||0|||16|0|00
2026|01|613832|015|08|CD|6212|FAH|25|12|2|001|Edukasi Dalam Rangka Penyusunan Laporan Keuangan Tingkat Kuasa BUN|0||0|||4|0|00
2026|01|613832|015|08|CD|6212|FAL|25|12|2|004|Konsultasi Pencairan Dana|0||0|||8|0|00
2026|01|613832|015|08|CD|6213|FAC|25|12|2|001|Monev Pengembangan Kompetensi KPA, PPK, PPSPM, Bendahara dan Pengelola Perbendaharaan|0||0|||7|0|00
2026|01|613832|015|08|CD|6213|FAE|25|12|2|009|Rekomendasi atas Kinerja Investasi Pemerintah|0||0|||2|0|00
2026|01|613832|015|08|CD|6213|FAL|25|12|2|003|Reviu Belanja Pemerintah|0||0|||1|0|00
2026|01|613832|015|08|CD|6214|FAL|25|12|2|002|Surat Perintah Pencairan/Penarikan/Repayment/Pengesahan Dana|0||0|||696|0|00
2026|01|613832|015|08|CD|6215|FAH|25|12|2|003|Laporan Keuangan BUN|0||0|||4|0|00
2026|01|613832|015|08|WA|4715|EBA|25|12|2|002|Dukungan Pimpinan dan Keprotokoleran|0||0|||12|0|00
2026|01|613832|015|08|WA|4715|EBA|25|12|2|001|Kerumahtanggaan|0||0|||12|0|00
2026|01|613832|015|08|WA|4715|EBA|25|12|2|994|Layanan Perkantoran|0||0|||12|0|00
2026|01|613832|015|08|WA|4715|EBB|25|12|2|004|Gedung/Bangunan|0||0|||80|0|00
2026|01|613832|015|08|WA|4715|EBD|25|12|2|Z36|Dokumen Pengelolaan Kinerja Organisasi|0||0|||2|0|00
2026|01|613832|015|08|WA|4718|BMB|25|12|2|002|Kehumasan|0||0|||1|0|00
2026|01|613832|015|08|WA|4718|BMB|25|12|2|001|Pembinaan/Edukasi Publik|0||0|||2|0|00
2026|01|613832|015|08|WA|4719|EBA|25|12|2|994|Layanan Perkantoran|0||0|||12|0|00
2026|01|613832|015|08|WA|4719|EBA|25|12|2|004|Hasil Survey/Rekomendasi Kepuasan Pengguna Layanan|0||0|||2|0|00
2026|01|613832|015|08|WA|4719|EBC|25|12|2|001|Pengembangan SDM|0||0|||14|0|00
2026|01|613785|015|08|CD|6212|BMB|23|51|2|001|Dukungan Pemberdayaan UMKM untuk Inklusi Pemanfaatan Digipay|0||0|||1|0|00
2026|01|613785|015|08|CD|6212|FAC|23|51|2|002|Bimbingan Teknis Pengelola Keuangan BLU|0||0|||83|0|00
2026|01|613785|015|08|CD|6212|FAH|23|51|2|002|Komunikasi dan Edukasi Dalam Rangka Penyusunan Government Financial Statistic (GFS)|0||0|||7|0|00
2026|01|613785|015|08|CD|6212|FAH|23|51|2|003|Komunikasi dan Edukasi Penyusunan LKKL dan LKBUN|0||0|||4|0|00
2026|01|613785|015|08|CD|6212|FAL|23|51|2|001|Pembinaan Pelaksanaan Anggaran|0||0|||8|0|00
2026|01|613785|015|08|CD|6213|ABA|23|51|2|001|Kajian atas Peluang Investasi dan Pinjaman Daerah|0||0|||2|0|00
2026|01|613785|015|08|CD|6213|FAE|23|51|2|008|ALCo Regional|0||0|||2|0|00
2026|01|613785|015|08|CD|6213|FAE|23|51|2|009|Rekomendasi atas Kinerja Investasi Pemerintah|0||0|||2|0|00
2026|01|613785|015|08|CD|6213|FAL|23|51|2|003|Reviu Belanja Pemerintah|0||0|||4|0|00
2026|01|613785|015|08|CD|6215|FAH|23|51|2|001|Government Financial Statistic (GFS)|0||0|||4|0|00
2026|01|613785|015|08|CD|6215|FAH|23|51|2|003|Laporan Keuangan BUN|0||0|||4|0|00
2026|01|613785|015|08|CD|6216|FAE|23|51|2|002|Rekomendasi Tarif Standar Biaya Masukan|0||0|||1|0|00
2026|01|613785|015|08|WA|4715|EBA|23|51|2|001|Kerumahtanggaan|0||0|||12|0|00
2026|01|613785|015|08|WA|4715|EBA|23|51|2|002|Dukungan Pimpinan dan Keprotokoleran|0||0|||12|0|00
2026|01|613785|015|08|WA|4715|EBA|23|51|2|994|Layanan Perkantoran|0||0|||12|0|00
2026|01|613785|015|08|WA|4715|EBD|23|51|2|Z26|Laporan Keuangan Unit|0||0|||2|0|00
2026|01|613785|015|08|WA|4715|EBD|23|51|2|Z36|Dokumen Pengelolaan Kinerja Organisasi|0||0|||4|0|00
2026|01|613785|015|08|WA|4718|BMB|23|51|2|001|Pembinaan/Edukasi Publik|0||0|||2|0|00
2026|01|613785|015|08|WA|4718|BMB|23|51|2|002|Kehumasan|0||0|||4|0|00
2026|01|613785|015|08|WA|4719|EBA|23|51|2|003|Rekomendasi Pengelolaan Organisasi|0||0|||9|0|00
2026|01|613785|015|08|WA|4719|EBA|23|51|2|005|Standar Mutu Layanan - ISO Mutu Layanan|0||0|||10|0|00
2026|01|613785|015|08|WA|4719|EBA|23|51|2|994|Layanan Perkantoran|0||0|||12|0|00
2026|01|613785|015|08|WA|4719|EBC|23|51|2|001|Pengembangan SDM|0||0|||48|0|00
2026|01|613785|015|08|WA|4722|EBD|23|51|2|001|Rekomendasi Penerapan Pengelolaan Risiko, Pengendalian dan Pengawasan Internal|0||0|||2|0|00
