history_id|nama_history|catatan_history|waktu_posting|source_filenames
20260917_094328_2026-B01.C01|2026-B01.C01|"Revisi POK1
PB.13.1"|2026-09-17 09:43:29|SAKTI.527010.6317169161290721173_26.rar
20260917_094619_2026-B01.C02|2026-B01.C02|"Rev POK 2
PB.12.1"|2026-09-17 09:46:19|SAKTI.527010.17301368668183278952_26.rar
20260921_134806_2026-B01|2026-B01|Reprioritisasi RO Khusus|2026-09-21 13:48:07|SAKTI.015.08.9140533661518277080_26.rar
20260921_161720_2026-C14|2026-C14||2026-09-21 16:17:21|SAKTI.527010.7749696387287852263_26.rar
20260922_083619_2027-A01|2027-A01|Pagu Anggaran|2026-09-22 08:36:20|SAKTI.015.08.15315854970755080620_27.rar
20260922_154603_2026-B015|2026-B015|usulan dit pa|2026-09-22 15:46:03|SAKTI.527010.13849040691068788749_26.rar
20261002_194505_2026-B16-2adk|2026-B16-2adk|rev PA, 2 adk terpisah|2026-10-02 19:45:05|SAKTI.527010.12767257405415094513_26.rar, SAKTI.015.08.12601924651874561037_26.rar
20261002_195836_2026-B16-1ADK|2026-B16-1ADK|Rev PA|2026-10-02 19:58:37|SAKTI.015.08.419505528849294389_26.rar
20261008_144005_2027-PAA|2027-PAA||2026-10-08 14:40:06|SAKTI.527010.15271170375311069159_27.rar, SAKTI.015.08.451781462761864414_27.rar, SAKTI.015.08.15310591747198254962_27.rar, SAKTI.015.08.9506599200710939747_27.rar, SAKTI.015.08.493372082821418065_27.rar, SAKTI.015.08.17231892313538890251_27.rar
20261008_181503_2027-PAA2|2027-PAA2||2026-10-08 18:15:04|1SAKTI.015.08.17231892313538890251_27.rar, 5SAKTI.015.08.451781462761864414_27.rar, 3SAKTI.015.08.9506599200710939747_27.rar, 2SAKTI.015.08.493372082821418065_27.rar, 4SAKTI.015.08.440247739251401766_27.rar, SAKTI.527010.12929642414011861193_27.rar
20261008_184841_2027-PAA3|2027-PAA3||2026-10-08 18:48:42|1SAKTI.015.08.17231892313538890251_27.rar, 5SAKTI.015.08.451781462761864414_27.rar, 3SAKTI.015.08.9506599200710939747_27.rar, 2SAKTI.015.08.493372082821418065_27.rar, 4SAKTI.015.08.440247739251401766_27.rar, SAKTI.527010.6015762390764949110_27.rar
20261008_185951_2027-PAA3|2027-PAA3||2026-10-08 18:59:52|1SAKTI.015.08.17231892313538890251_27.rar, 5SAKTI.015.08.451781462761864414_27.rar, 3SAKTI.015.08.9506599200710939747_27.rar, 2SAKTI.015.08.493372082821418065_27.rar, 4SAKTI.015.08.440247739251401766_27.rar, SAKTI.527010.6015762390764949110_27.rar
20261008_201412_2027-PAA4|2027-PAA4||2026-10-08 20:14:14|4SAKTI.015.08.440247739251401766_27.rar, SAKTI.527010.5744944824335562984_27.rar, 5SAKTI.015.08.451781462761864414_27.rar, 3SAKTI.015.08.9506599200710939747_27.rar, 2SAKTI.015.08.493372082821418065_27.rar, 1SAKTI.015.08.17231892313538890251_27.rar
20261009_084028_2027-PAA5|2027-PAA5||2026-10-09 08:40:29|1SAKTI.015.08.8349623401506643856_27.rar, 5SAKTI.015.08.88917535096085745_27.rar, 4SAKTI.015.08.13336004441471104867_27.rar, 3SAKTI.015.08.17132443675912544185_27.rar, 2SAKTI.015.08.9550053520249400222_27.rar
