thang|kdjendok|kdsatker|kddept|kdunit|kdprogram|kdgiat|kdoutput|kdlokasi|kdkabkota|kddekon|kdsoutput|kdkmpnen|kdskmpnen|kdakun|kdkppn|kdbeban|kdjnsban|kdctarik|register|carahitung|prosenphln|prosenrkp|prosenrmp|kppnrkp|kppnrmp|kppnphln|regdam|kdluncuran|kdblokir|uraiblokir|kdib
2026|01|527010|015|08|CD|6212|AEF|01|51|1|001|100|JA|521211|019|A|0|0| |0|0|0|0| | | | ||00||0
2026|01|527010|015|08|CD|6212|AEF|01|51|1|001|100|JA|522151|019|A|0|0| |0|0|0|0| | | | ||00||0
2026|01|527010|015|08|CD|6212|AEF|01|51|1|001|100|JA|524111|019|A|0|0| |0|0|0|0| | | | ||00||0
2026|01|527010|015|08|CD|6212|AEF|01|51|1|001|100|JA|524114|019|A|0|0| |0|0|0|0| | | | ||00||0
2026|01|527010|015|08|CD|6212|AEF|01|51|1|001|100|JB|521211|019|A|0|0| |0|0|0|0| | | | ||00||0
2026|01|527010|015|08|CD|6212|AEF|01|51|1|001|100|JC|521211|019|A|0|0| |0|0|0|0| | | | ||00||0
2026|01|527010|015|08|CD|6212|AEF|01|51|1|001|100|JC|522191|019|A|0|0| |0|0|0|0| | | | ||00||0
2026|01|527010|015|08|CD|6212|AEF|01|51|1|001|100|JC|524111|019|A|0|0| |0|0|0|0| | | | ||00||0
2026|01|527010|015|08|CD|6212|AEF|01|51|1|001|100|JD|521211|019|A|0|0| |0|0|0|0| | | | ||00||0
2026|01|527010|015|08|CD|6212|AEF|01|51|1|001|100|JD|522191|019|A|0|0| |0|0|0|0| | | | ||00||0
2026|01|527010|015|08|CD|6212|AEF|01|51|1|002|100|SA|521211|019|A|0|0| |0|0|0|0| | | | ||00||0
2026|01|527010|015|08|CD|6212|AEF|01|51|1|002|100|SA|522151|019|A|0|0| |0|0|0|0| | | | ||00||0
2026|01|527010|015|08|CD|6212|AEF|01|51|1|002|100|SA|524111|019|A|0|0| |0|0|0|0| | | | ||00||0
2026|01|527010|015|08|CD|6212|AEF|01|51|1|002|100|SA|524113|019|A|0|0| |0|0|0|0| | | | ||00||0
2026|01|527010|015|08|CD|6212|AEF|01|51|1|002|100|SA|524114|019|A|0|0| |0|0|0|0| | | | ||00||0
2026|01|527010|015|08|CD|6212|AEF|01|51|1|004|100|HA|522151|019|A|0|0| |0|0|0|0| | | | ||00||0
2026|01|527010|015|08|CD|6212|AEF|01|51|1|004|100|HB|522151|019|A|0|0| |0|0|0|0| | | | ||00||0
2026|01|527010|015|08|CD|6212|AEF|01|51|1|004|100|HB|524111|019|A|0|0| |0|0|0|0| | | | ||00||0
2026|01|527010|015|08|CD|6212|AEF|01|51|1|004|100|HB|524113|019|A|0|0| |0|0|0|0| | | | ||00||0
2026|01|527010|015|08|CD|6212|AEF|01|51|1|004|100|HC|522151|019|A|0|0| |0|0|0|0| | | | ||00||0
2026|01|527010|015|08|CD|6212|AEF|01|51|1|004|100|HC|524111|019|A|0|0| |0|0|0|0| | | | ||00||0
2026|01|527010|015|08|CD|6212|AEF|01|51|1|004|100|HC|524113|019|A|0|0| |0|0|0|0| | | | ||00||0
2026|01|527010|015|08|CD|6212|AEF|01|51|1|004|100|HD|522151|019|A|0|0| |0|0|0|0| | | | ||00||0
2026|01|527010|015|08|CD|6212|AEF|01|51|1|004|100|HE|522151|019|A|0|0| |0|0|0|0| | | | ||00||0
2026|01|527010|015|08|CD|6212|AEF|01|51|1|004|100|HG|524111|019|A|0|0| |0|0|0|0| | | | ||00||0
2026|01|527010|015|08|CD|6212|AEF|01|51|1|005|100|HA|522151|019|A|0|0| |0|0|0|0| | | | ||00||0
2026|01|527010|015|08|CD|6212|AEF|01|51|1|005|100|HB|522151|019|A|0|0| |0|0|0|0| | | | ||00||0
2026|01|527010|015|08|CD|6212|AEF|01|51|1|005|100|HB|524111|019|A|0|0| |0|0|0|0| | | | ||00||0
2026|01|527010|015|08|CD|6212|AEF|01|51|1|005|100|HB|524113|019|A|0|0| |0|0|0|0| | | | ||00||0
2026|01|527010|015|08|CD|6212|AEF|01|51|1|005|100|HC|524111|019|A|0|0| |0|0|0|0| | | | ||00||0
2026|01|527010|015|08|CD|6212|AEF|01|51|1|005|100|HC|524119|019|A|0|0| |0|0|0|0| | | | ||00||0
2026|01|527010|015|08|CD|6212|FAC|01|51|1|004|100|IA|521211|019|A|0|0| |0|0|0|0| | | | ||00||0
2026|01|527010|015|08|CD|6212|FAC|01|51|1|005|100|FA|521211|019|A|0|0| |0|0|0|0| | | | ||00||0
2026|01|527010|015|08|CD|6212|FAC|01|51|1|005|100|FA|522151|019|A|0|0| |0|0|0|0| | | | ||00||0
2026|01|527010|015|08|CD|6212|FAC|01|51|1|005|100|FA|524111|019|A|0|0| |0|0|0|0| | | | ||00||0
2026|01|527010|015|08|CD|6212|FAC|01|51|1|005|100|FA|524114|019|A|0|0| |0|0|0|0| | | | ||00||0
2026|01|527010|015|08|CD|6212|FAC|01|51|1|003|100|IA|521211|019|A|0|0| |0|0|0|0| | | | ||00||0
2026|01|527010|015|08|CD|6212|FAC|01|51|1|003|100|IA|522151|019|A|0|0| |0|0|0|0| | | | ||00||0
2026|01|527010|015|08|CD|6212|FAC|01|51|1|003|100|IB|524111|019|A|0|0| |0|0|0|0| | | | ||00||0
2026|01|527010|015|08|CD|6212|FAC|01|51|1|008|100|SA|521211|019|A|0|0| |0|0|0|0| | | | ||00||0
2026|01|527010|015|08|CD|6212|FAC|01|51|1|008|100|SA|522151|019|A|0|0| |0|0|0|0| | | | ||00||0
2026|01|527010|015|08|CD|6212|FAC|01|51|1|008|100|SA|524111|019|A|0|0| |0|0|0|0| | | | ||00||0
2026|01|527010|015|08|CD|6212|FAC|01|51|1|008|100|SA|524113|019|A|0|0| |0|0|0|0| | | | ||00||0
2026|01|527010|015|08|CD|6212|FAC|01|51|1|008|100|SB|521211|019|A|0|0| |0|0|0|0| | | | ||00||0
2026|01|527010|015|08|CD|6212|FAC|01|51|1|008|100|SB|522151|019|A|0|0| |0|0|0|0| | | | ||00||0
2026|01|527010|015|08|CD|6212|FAC|01|51|1|008|100|SB|524111|019|A|0|0| |0|0|0|0| | | | ||00||0
2026|01|527010|015|08|CD|6212|FAC|01|51|1|008|100|SC|521211|019|A|0|0| |0|0|0|0| | | | ||00||0
2026|01|527010|015|08|CD|6212|FAC|01|51|1|001|100|LA|521211|019|A|0|0| |0|0|0|0| | | | ||00||0
2026|01|527010|015|08|CD|6212|FAC|01|51|1|001|100|LA|522151|019|A|0|0| |0|0|0|0| | | | ||00||0
2026|01|527010|015|08|CD|6212|FAC|01|51|1|001|100|LA|524111|019|A|0|0| |0|0|0|0| | | | ||00||0
2026|01|527010|015|08|CD|6212|FAC|01|51|1|001|100|LA|524113|019|A|0|0| |0|0|0|0| | | | ||00||0
2026|01|527010|015|08|CD|6212|FAC|01|51|1|007|100|IA|521211|019|A|0|0| |0|0|0|0| | | | ||00||0
2026|01|527010|015|08|CD|6212|FAH|01|51|1|001|100|JA|524111|019|A|0|0| |0|0|0|0| | | | ||00||0
2026|01|527010|015|08|CD|6212|FAH|01|51|1|002|100|JA|522151|019|A|0|0| |0|0|0|0| | | | ||00||0
2026|01|527010|015|08|CD|6212|FAH|01|51|1|003|100|JA|521211|019|A|0|0| |0|0|0|0| | | | ||00||0
2026|01|527010|015|08|CD|6212|FAH|01|51|1|003|100|JA|524114|019|A|0|0| |0|0|0|0| | | | ||00||0
2026|01|527010|015|08|CD|6212|FAH|01|51|1|003|100|JB|521211|019|A|0|0| |0|0|0|0| | | | ||00||0
2026|01|527010|015|08|CD|6212|FAH|01|51|1|003|100|JB|524111|019|A|0|0| |0|0|0|0| | | | ||00||0
2026|01|527010|015|08|CD|6212|FAH|01|51|1|003|100|JC|521211|019|A|0|0| |0|0|0|0| | | | ||00||0
2026|01|527010|015|08|CD|6212|FAH|01|51|1|003|100|JC|524111|019|A|0|0| |0|0|0|0| | | | ||00||0
2026|01|527010|015|08|CD|6212|FAL|01|51|1|002|100|OB|521211|019|A|0|0| |0|0|0|0| | | | ||00||0
2026|01|527010|015|08|CD|6212|FAL|01|51|1|002|100|OB|522151|019|A|0|0| |0|0|0|0| | | | ||00||0
2026|01|527010|015|08|CD|6212|FAL|01|51|1|002|100|OC|521211|019|A|0|0| |0|0|0|0| | | | ||00||0
2026|01|527010|015|08|CD|6212|FAL|01|51|1|002|100|OC|524111|019|A|0|0| |0|0|0|0| | | | ||00||0
2026|01|527010|015|08|CD|6212|FAL|01|51|1|002|100|OD|524111|019|A|0|0| |0|0|0|0| | | | ||00||0
2026|01|527010|015|08|CD|6212|FAL|01|51|1|002|100|OE|521211|019|A|0|0| |0|0|0|0| | | | ||00||0
2026|01|527010|015|08|CD|6212|FAL|01|51|1|002|100|OE|524111|019|A|0|0| |0|0|0|0| | | | ||00||0
2026|01|527010|015|08|CD|6212|FAL|01|51|1|002|100|OE|524113|019|A|0|0| |0|0|0|0| | | | ||00||0
2026|01|527010|015|08|CD|6212|FAL|01|51|1|002|100|OF|524111|019|A|0|0| |0|0|0|0| | | | ||00||0
2026|01|527010|015|08|CD|6212|FAL|01|51|1|002|100|OF|524113|019|A|0|0| |0|0|0|0| | | | ||00||0
2026|01|527010|015|08|CD|6212|FAL|01|51|1|002|100|OG|521211|019|A|0|0| |0|0|0|0| | | | ||00||0
2026|01|527010|015|08|CD|6212|FAL|01|51|1|002|100|OG|524111|019|A|0|0| |0|0|0|0| | | | ||00||0
2026|01|527010|015|08|CD|6212|FAL|01|51|1|002|100|OH|524111|019|A|0|0| |0|0|0|0| | | | ||00||0
2026|01|527010|015|08|CD|6212|FAL|01|51|1|002|100|OJ|521211|019|A|0|0| |0|0|0|0| | | | ||00||0
2026|01|527010|015|08|CD|6212|FAL|01|51|1|002|100|OJ|524111|019|A|0|0| |0|0|0|0| | | | ||00||0
2026|01|527010|015|08|CD|6212|FAL|01|51|1|002|100|OJ|524113|019|A|0|0| |0|0|0|0| | | | ||00||0
2026|01|527010|015|08|CD|6212|FAN|01|51|1|ZZ1|ZZ1|CA|524111|019|A|0|0| |0|0|0|0| | | | ||42||0
2026|01|527010|015|08|CD|6212|UAL|01|51|1|208|100|OE|521211|019|A|0|0| |0|0|0|0| | | | ||00||0
2026|01|527010|015|08|CD|6213|FAE|01|51|1|001|100|MA|521211|019|A|0|0| |0|0|0|0| | | | ||00||0
2026|01|527010|015|08|CD|6213|FAE|01|51|1|001|100|MA|524111|019|A|0|0| |0|0|0|0| | | | ||00||0
2026|01|527010|015|08|CD|6213|FAE|01|51|1|001|100|OB|521211|019|A|0|0| |0|0|0|0| | | | ||00||0
2026|01|527010|015|08|CD|6213|FAE|01|51|1|001|100|OB|524114|019|A|0|0| |0|0|0|0| | | | ||00||0
2026|01|527010|015|08|CD|6213|FAE|01|51|1|001|100|OD|521211|019|A|0|0| |0|0|0|0| | | | ||00||0
2026|01|527010|015|08|CD|6213|FAE|01|51|1|001|100|OD|524111|019|A|0|0| |0|0|0|0| | | | ||00||0
2026|01|527010|015|08|CD|6213|FAE|01|51|1|001|100|OD|524113|019|A|0|0| |0|0|0|0| | | | ||00||0
2026|01|527010|015|08|CD|6213|FAE|01|51|1|002|100|SA|524111|019|A|0|0| |0|0|0|0| | | | ||00||0
2026|01|527010|015|08|CD|6213|FAE|01|51|1|002|100|SB|521211|019|A|0|0| |0|0|0|0| | | | ||00||0
2026|01|527010|015|08|CD|6213|FAE|01|51|1|002|100|SB|524111|019|A|0|0| |0|0|0|0| | | | ||00||0
2026|01|527010|015|08|CD|6213|FAE|01|51|1|002|100|SB|524113|019|A|0|0| |0|0|0|0| | | | ||00||0
2026|01|527010|015|08|CD|6213|FAE|01|51|1|003|100|IA|524111|019|A|0|0| |0|0|0|0| | | | ||00||0
2026|01|527010|015|08|CD|6213|FAE|01|51|1|003|100|IA|524113|019|A|0|0| |0|0|0|0| | | | ||00||0
2026|01|527010|015|08|CD|6213|FAE|01|51|1|003|100|IB|524111|019|A|0|0| |0|0|0|0| | | | ||00||0
2026|01|527010|015|08|CD|6213|FAE|01|51|1|003|100|IC|521211|019|A|0|0| |0|0|0|0| | | | ||00||0
2026|01|527010|015|08|CD|6213|FAE|01|51|1|003|100|IC|522151|019|A|0|0| |0|0|0|0| | | | ||00||0
2026|01|527010|015|08|CD|6213|FAE|01|51|1|003|100|IC|524111|019|A|0|0| |0|0|0|0| | | | ||00||0
2026|01|527010|015|08|CD|6213|FAE|01|51|1|003|100|ID|524111|019|A|0|0| |0|0|0|0| | | | ||00||0
2026|01|527010|015|08|CD|6213|FAE|01|51|1|003|100|ID|524113|019|A|0|0| |0|0|0|0| | | | ||00||0
2026|01|527010|015|08|CD|6213|FAE|01|51|1|003|100|IE|524111|019|A|0|0| |0|0|0|0| | | | ||00||0
2026|01|527010|015|08|CD|6213|FAE|01|51|1|003|100|IF|524111|019|A|0|0| |0|0|0|0| | | | ||00||0
2026|01|527010|015|08|CD|6213|FAE|01|51|1|003|100|MA|524113|019|A|0|0| |0|0|0|0| | | | ||00||0
2026|01|527010|015|08|CD|6213|FAE|01|51|1|003|100|MA|524114|019|A|0|0| |0|0|0|0| | | | ||00||0
2026|01|527010|015|08|CD|6213|FAE|01|51|1|004|100|OA|521211|019|A|0|0| |0|0|0|0| | | | ||00||0
2026|01|527010|015|08|CD|6213|FAE|01|51|1|004|100|OB|521211|019|A|0|0| |0|0|0|0| | | | ||00||0
2026|01|527010|015|08|CD|6213|FAE|01|51|1|004|100|OB|524111|019|A|0|0| |0|0|0|0| | | | ||00||0
2026|01|527010|015|08|CD|6213|FAE|01|51|1|004|100|OB|524113|019|A|0|0| |0|0|0|0| | | | ||00||0
2026|01|527010|015|08|CD|6213|FAE|01|51|1|009|100|HA|524111|019|A|0|0| |0|0|0|0| | | | ||00||0
2026|01|527010|015|08|CD|6213|FAE|01|51|1|009|100|HA|524113|019|A|0|0| |0|0|0|0| | | | ||00||0
2026|01|527010|015|08|CD|6213|FAE|01|51|1|009|100|HB|524111|019|A|0|0| |0|0|0|0| | | | ||00||0
2026|01|527010|015|08|CD|6213|FAE|01|51|1|009|100|HB|524113|019|A|0|0| |0|0|0|0| | | | ||00||0
2026|01|527010|015|08|CD|6213|FAH|01|51|1|001|100|JA|521211|019|A|0|0| |0|0|0|0| | | | ||00||0
2026|01|527010|015|08|CD|6213|FAH|01|51|1|001|100|JA|524111|019|A|0|0| |0|0|0|0| | | | ||00||0
2026|01|527010|015|08|CD|6213|FAH|01|51|1|001|100|JB|521211|019|A|0|0| |0|0|0|0| | | | ||00||0
2026|01|527010|015|08|CD|6213|FAL|01|51|1|003|100|CA|521211|019|A|0|0| |0|0|0|0| | | | ||00||0
2026|01|527010|015|08|CD|6213|FAL|01|51|1|003|100|CA|522151|019|A|0|0| |0|0|0|0| | | | ||00||0
2026|01|527010|015|08|CD|6213|FAL|01|51|1|003|100|CA|524111|019|A|0|0| |0|0|0|0| | | | ||00||0
2026|01|527010|015|08|CD|6213|FAL|01|51|1|003|100|FA|521211|019|A|0|0| |0|0|0|0| | | | ||00||0
2026|01|527010|015|08|CD|6213|FAL|01|51|1|003|100|FB|521211|019|A|0|0| |0|0|0|0| | | | ||00||0
2026|01|527010|015|08|CD|6213|FAL|01|51|1|003|100|FB|521213|019|A|0|0| |0|0|0|0| | | | ||00||0
2026|01|527010|015|08|CD|6213|FAL|01|51|1|003|100|FC|521211|019|A|0|0| |0|0|0|0| | | | ||00||0
2026|01|527010|015|08|CD|6214|AED|01|51|1|002|100|HA|521211|019|A|0|0| |0|0|0|0| | | | ||00||0
2026|01|527010|015|08|CD|6214|FAE|01|51|1|001|100|HA|522151|019|A|0|0| |0|0|0|0| | | | ||00||0
2026|01|527010|015|08|CD|6214|FAE|01|51|1|001|100|HA|524111|019|A|0|0| |0|0|0|0| | | | ||00||0
2026|01|527010|015|08|CD|6214|FAE|01|51|1|001|100|HA|524113|019|A|0|0| |0|0|0|0| | | | ||00||0
2026|01|527010|015|08|CD|6214|FAE|01|51|1|001|100|HA|524114|019|A|0|0| |0|0|0|0| | | | ||00||0
2026|01|527010|015|08|CD|6214|FAE|01|51|1|001|100|HB|521211|019|A|0|0| |0|0|0|0| | | | ||00||0
2026|01|527010|015|08|CD|6214|FAE|01|51|1|001|100|HC|524111|019|A|0|0| |0|0|0|0| | | | ||00||0
2026|01|527010|015|08|CD|6214|FAE|01|51|1|001|100|HC|524113|019|A|0|0| |0|0|0|0| | | | ||00||0
2026|01|527010|015|08|CD|6214|FAE|01|51|1|001|100|HD|524111|019|A|0|0| |0|0|0|0| | | | ||00||0
2026|01|527010|015|08|CD|6214|FAE|01|51|1|001|100|HE|521211|019|A|0|0| |0|0|0|0| | | | ||00||0
2026|01|527010|015|08|CD|6214|FAE|01|51|1|001|100|HE|522151|019|A|0|0| |0|0|0|0| | | | ||00||0
2026|01|527010|015|08|CD|6214|FAE|01|51|1|001|100|HE|524111|019|A|0|0| |0|0|0|0| | | | ||00||0
2026|01|527010|015|08|CD|6214|FAE|01|51|1|001|100|HE|524119|019|A|0|0| |0|0|0|0| | | | ||00||0
2026|01|527010|015|08|CD|6214|FAE|01|51|1|001|100|HF|524113|019|A|0|0| |0|0|0|0| | | | ||00||0
2026|01|527010|015|08|CD|6214|FAE|01|51|1|001|100|MA|521211|019|A|0|0| |0|0|0|0| | | | ||00||0
2026|01|527010|015|08|CD|6214|FAE|01|51|1|001|100|MA|522151|019|A|0|0| |0|0|0|0| | | | ||00||0
2026|01|527010|015|08|CD|6214|FAL|01|51|1|003|100|OA|521211|019|A|0|0| |0|0|0|0| | | | ||00||0
2026|01|527010|015|08|CD|6214|FAL|01|51|1|003|100|OD|521211|019|A|0|0| |0|0|0|0| | | | ||00||0
2026|01|527010|015|08|CD|6214|UAE|01|51|1|203|100|HA|522151|019|A|0|0| |0|0|0|0| | | | ||00||0
2026|01|527010|015|08|CD|6214|UAE|01|51|1|203|100|HA|524111|019|A|0|0| |0|0|0|0| | | | ||00||0
2026|01|527010|015|08|CD|6214|UAE|01|51|1|203|100|HB|524111|019|A|0|0| |0|0|0|0| | | | ||00||0
2026|01|527010|015|08|CD|6214|UAE|01|51|1|203|100|HB|524113|019|A|0|0| |0|0|0|0| | | | ||00||0
2026|01|527010|015|08|CD|6214|UAE|01|51|1|203|100|HD|524114|019|A|0|0| |0|0|0|0| | | | ||00||0
2026|01|527010|015|08|CD|6215|FAH|01|51|1|001|100|JA|521211|019|A|0|0| |0|0|0|0| | | | ||00||0
2026|01|527010|015|08|CD|6215|FAH|01|51|1|001|100|JA|524111|019|A|0|0| |0|0|0|0| | | | ||00||0
2026|01|527010|015|08|CD|6215|FAH|01|51|1|003|100|JA|521211|019|A|0|0| |0|0|0|0| | | | ||00||0
2026|01|527010|015|08|CD|6215|FAH|01|51|1|003|100|JA|524113|019|A|0|0| |0|0|0|0| | | | ||00||0
2026|01|527010|015|08|CD|6215|FAH|01|51|1|003|100|JA|524114|019|A|0|0| |0|0|0|0| | | | ||00||0
2026|01|527010|015|08|CD|6215|FAH|01|51|1|003|100|JB|521211|019|A|0|0| |0|0|0|0| | | | ||00||0
2026|01|527010|015|08|CD|6215|FAH|01|51|1|003|100|OA|521211|019|A|0|0| |0|0|0|0| | | | ||00||0
2026|01|527010|015|08|CD|6215|FAH|01|51|1|003|100|OB|521211|019|A|0|0| |0|0|0|0| | | | ||00||0
2026|01|527010|015|08|CD|6215|FAH|01|51|1|003|100|OB|524111|019|A|0|0| |0|0|0|0| | | | ||00||0
2026|01|527010|015|08|CD|6215|FAH|01|51|1|004|100|JA|521211|019|A|0|0| |0|0|0|0| | | | ||00||0
2026|01|527010|015|08|CD|6215|FAH|01|51|1|004|100|JA|524111|019|A|0|0| |0|0|0|0| | | | ||00||0
2026|01|527010|015|08|CD|6215|FAH|01|51|1|004|100|JA|524113|019|A|0|0| |0|0|0|0| | | | ||00||0
2026|01|527010|015|08|CD|6215|FAH|01|51|1|004|100|JA|524114|019|A|0|0| |0|0|0|0| | | | ||00||0
2026|01|527010|015|08|CD|6215|FAH|01|51|1|004|100|JB|521211|019|A|0|0| |0|0|0|0| | | | ||00||0
2026|01|527010|015|08|CD|6215|FAH|01|51|1|004|100|JC|521211|019|A|0|0| |0|0|0|0| | | | ||00||0
2026|01|527010|015|08|CD|6215|FAH|01|51|1|005|100|HA|524111|019|A|0|0| |0|0|0|0| | | | ||00||0
2026|01|527010|015|08|CD|6215|FAH|01|51|1|005|100|HA|524113|019|A|0|0| |0|0|0|0| | | | ||00||0
2026|01|527010|015|08|CD|6216|AAA|01|51|1|A01|100|JA|521211|019|A|0|0| |0|0|0|0| | | | ||00||0
2026|01|527010|015|08|CD|6216|AAA|01|51|1|A01|100|JB|521213|019|A|0|0| |0|0|0|0| | | | ||00||0
2026|01|527010|015|08|CD|6216|AAA|01|51|1|A01|100|JB|524113|019|A|0|0| |0|0|0|0| | | | ||00||0
2026|01|527010|015|08|CD|6216|AAC|01|51|1|B01|100|SA|521211|019|A|0|0| |0|0|0|0| | | | ||00||0
2026|01|527010|015|08|CD|6216|AAC|01|51|1|B01|100|SA|522151|019|A|0|0| |0|0|0|0| | | | ||00||0
2026|01|527010|015|08|CD|6216|AAC|01|51|1|B01|100|SA|524111|019|A|0|0| |0|0|0|0| | | | ||00||0
2026|01|527010|015|08|CD|6216|AAG|01|51|1|D01|100|IA|521211|019|A|0|0| |0|0|0|0| | | | ||00||0
2026|01|527010|015|08|CD|6216|AAG|01|51|1|D01|100|IA|521213|019|A|0|0| |0|0|0|0| | | | ||00||0
2026|01|527010|015|08|CD|6216|AAG|01|51|1|D01|100|IB|521211|019|A|0|0| |0|0|0|0| | | | ||00||0
2026|01|527010|015|08|CD|6216|AAG|01|51|1|D01|100|IB|521213|019|A|0|0| |0|0|0|0| | | | ||00||0
2026|01|527010|015|08|CD|6216|AAG|01|51|1|E02|100|HA|522151|019|A|0|0| |0|0|0|0| | | | ||00||0
2026|01|527010|015|08|CD|6216|AAG|01|51|1|E01|100|FA|521211|019|A|0|0| |0|0|0|0| | | | ||00||0
2026|01|527010|015|08|CD|6216|AAG|01|51|1|E01|100|FA|524111|019|A|0|0| |0|0|0|0| | | | ||00||0
2026|01|527010|015|08|CD|6216|AAH|01|51|1|F01|100|JA|521211|019|A|0|0| |0|0|0|0| | | | ||00||0
2026|01|527010|015|08|CD|6216|AAH|01|51|1|F01|100|JA|521213|019|A|0|0| |0|0|0|0| | | | ||00||0
2026|01|527010|015|08|CD|6216|AAH|01|51|1|F01|100|JB|524111|019|A|0|0| |0|0|0|0| | | | ||00||0
2026|01|527010|015|08|CD|6216|AAH|01|51|1|F01|100|JB|524114|019|A|0|0| |0|0|0|0| | | | ||00||0
2026|01|527010|015|08|CD|6216|AAH|01|51|1|F01|100|JC|521211|019|A|0|0| |0|0|0|0| | | | ||00||0
2026|01|527010|015|08|CD|6216|AAH|01|51|1|F01|100|JC|522151|019|A|0|0| |0|0|0|0| | | | ||00||0
2026|01|527010|015|08|CD|6216|AAH|01|51|1|F01|100|JC|524111|019|A|0|0| |0|0|0|0| | | | ||00||0
2026|01|527010|015|08|CD|6216|AAH|01|51|1|F02|100|SA|521211|019|A|0|0| |0|0|0|0| | | | ||00||0
2026|01|527010|015|08|CD|6216|AAH|01|51|1|F02|100|SA|522151|019|A|0|0| |0|0|0|0| | | | ||00||0
2026|01|527010|015|08|CD|6216|AAH|01|51|1|F02|100|SA|524111|019|A|0|0| |0|0|0|0| | | | ||00||0
2026|01|527010|015|08|CD|6216|AAH|01|51|1|F03|100|OB|521211|019|A|0|0| |0|0|0|0| | | | ||00||0
2026|01|527010|015|08|CD|6216|AAH|01|51|1|F03|100|OB|524114|019|A|0|0| |0|0|0|0| | | | ||00||0
2026|01|527010|015|08|CD|6216|AAH|01|51|1|F04|100|IA|521211|019|A|0|0| |0|0|0|0| | | | ||00||0
2026|01|527010|015|08|CD|6216|AAH|01|51|1|F04|100|IB|521211|019|A|0|0| |0|0|0|0| | | | ||00||0
2026|01|527010|015|08|CD|6216|AAH|01|51|1|F04|100|IB|522151|019|A|0|0| |0|0|0|0| | | | ||00||0
2026|01|527010|015|08|CD|6216|AAH|01|51|1|F04|100|IB|524119|019|A|0|0| |0|0|0|0| | | | ||00||0
2026|01|527010|015|08|CD|6216|FAE|01|51|1|001|100|OA|521211|019|A|0|0| |0|0|0|0| | | | ||00||0
2026|01|527010|015|08|CD|6216|FAE|01|51|1|003|100|JA|521211|019|A|0|0| |0|0|0|0| | | | ||00||0
2026|01|527010|015|08|CD|6216|FAE|01|51|1|003|100|JA|522151|019|A|0|0| |0|0|0|0| | | | ||00||0
2026|01|527010|015|08|CD|6216|FAE|01|51|1|003|100|JA|524111|019|A|0|0| |0|0|0|0| | | | ||00||0
2026|01|527010|015|08|CD|6216|FAE|01|51|1|003|100|JA|524113|019|A|0|0| |0|0|0|0| | | | ||00||0
2026|01|527010|015|08|CD|6216|FAE|01|51|1|003|100|SA|521211|019|A|0|0| |0|0|0|0| | | | ||00||0
2026|01|527010|015|08|CD|6216|FAE|01|51|1|003|100|SB|524111|019|A|0|0| |0|0|0|0| | | | ||00||0
2026|01|527010|015|08|CD|6216|FAE|01|51|1|003|100|SB|524113|019|A|0|0| |0|0|0|0| | | | ||00||0
2026|01|527010|015|08|CD|6216|FAE|01|51|1|003|100|SC|524111|019|A|0|0| |0|0|0|0| | | | ||00||0
2026|01|527010|015|08|CD|6216|FAE|01|51|1|003|100|SD|521211|019|A|0|0| |0|0|0|0| | | | ||00||0
2026|01|527010|015|08|CD|6216|FAE|01|51|1|003|100|SD|524111|019|A|0|0| |0|0|0|0| | | | ||00||0
2026|01|527010|015|08|CD|6216|FAE|01|51|1|003|100|SD|524113|019|A|0|0| |0|0|0|0| | | | ||00||0
2026|01|527010|015|08|CD|6216|FAE|01|51|1|003|100|SE|521211|019|A|0|0| |0|0|0|0| | | | ||00||0
2026|01|527010|015|08|CD|6216|FAE|01|51|1|003|100|SF|521211|019|A|0|0| |0|0|0|0| | | | ||00||0
2026|01|527010|015|08|CD|6216|FAE|01|51|1|003|100|SG|521211|019|A|0|0| |0|0|0|0| | | | ||00||0
2026|01|527010|015|08|CD|6216|FAE|01|51|1|003|100|SG|522151|019|A|0|0| |0|0|0|0| | | | ||00||0
2026|01|527010|015|08|CD|6216|FAE|01|51|1|003|100|SG|524111|019|A|0|0| |0|0|0|0| | | | ||00||0
2026|01|527010|015|08|CD|6216|FAE|01|51|1|003|100|SH|521211|019|A|0|0| |0|0|0|0| | | | ||00||0
2026|01|527010|015|08|CD|6216|FAE|01|51|1|003|100|SH|521213|019|A|0|0| |0|0|0|0| | | | ||00||0
2026|01|527010|015|08|CD|6216|FAE|01|51|1|003|100|SH|522151|019|A|0|0| |0|0|0|0| | | | ||00||0
2026|01|527010|015|08|CD|6216|FAE|01|51|1|003|100|SH|522191|019|A|0|0| |0|0|0|0| | | | ||00||0
2026|01|527010|015|08|CD|6216|FAE|01|51|1|003|100|SH|524111|019|A|0|0| |0|0|0|0| | | | ||00||0
2026|01|527010|015|08|CD|6216|FAE|01|51|1|003|100|SI|521211|019|A|0|0| |0|0|0|0| | | | ||00||0
2026|01|527010|015|08|CD|6216|FAE|01|51|1|003|100|SI|522151|019|A|0|0| |0|0|0|0| | | | ||00||0
2026|01|527010|015|08|CD|6216|FAE|01|51|1|003|100|SI|524111|019|A|0|0| |0|0|0|0| | | | ||00||0
2026|01|527010|015|08|CD|6216|FAE|01|51|1|003|100|SJ|521211|019|A|0|0| |0|0|0|0| | | | ||00||0
2026|01|527010|015|08|CD|6216|FAE|01|51|1|003|100|SJ|522151|019|A|0|0| |0|0|0|0| | | | ||00||0
2026|01|527010|015|08|CD|6216|FAE|01|51|1|003|100|SJ|524111|019|A|0|0| |0|0|0|0| | | | ||00||0
2026|01|527010|015|08|CD|6216|FAE|01|51|1|003|100|SJ|524113|019|A|0|0| |0|0|0|0| | | | ||00||0
2026|01|527010|015|08|CD|6216|FAE|01|51|1|003|100|SJ|524114|019|A|0|0| |0|0|0|0| | | | ||00||0
2026|01|527010|015|08|CD|6216|FAE|01|51|1|004|100|OA|521211|019|A|0|0| |0|0|0|0| | | | ||00||0
2026|01|527010|015|08|CD|6216|FAE|01|51|1|004|100|OA|524111|019|A|0|0| |0|0|0|0| | | | ||00||0
2026|01|527010|015|08|CD|6216|FAE|01|51|1|004|100|OA|524113|019|A|0|0| |0|0|0|0| | | | ||00||0
2026|01|527010|015|08|WA|4711|EBA|01|51|1|Z04|100|EA|521211|019|A|0|0| |0|0|0|0| | | | ||00||0
2026|01|527010|015|08|WA|4711|EBA|01|51|1|Z04|100|EA|524111|019|A|0|0| |0|0|0|0| | | | ||00||0
2026|01|527010|015|08|WA|4711|EBA|01|51|1|Z04|100|SA|524111|019|A|0|0| |0|0|0|0| | | | ||00||0
2026|01|527010|015|08|WA|4711|EBA|01|51|1|Z04|100|SA|524113|019|A|0|0| |0|0|0|0| | | | ||00||0
2026|01|527010|015|08|WA|4715|EBA|01|51|1|001|100|BA|522151|019|A|0|0| |0|0|0|0| | | | ||00||0
2026|01|527010|015|08|WA|4715|EBA|01|51|1|001|100|DA|521211|019|A|0|0| |0|0|0|0| | | | ||00||0
2026|01|527010|015|08|WA|4715|EBA|01|51|1|001|100|DA|522141|019|A|0|0| |0|0|0|0| | | | ||00||0
2026|01|527010|015|08|WA|4715|EBA|01|51|1|001|100|DA|522191|019|A|0|0| |0|0|0|0| | | | ||00||0
2026|01|527010|015|08|WA|4715|EBA|01|51|1|001|100|DA|524111|019|A|0|0| |0|0|0|0| | | | ||00||0
2026|01|527010|015|08|WA|4715|EBA|01|51|1|001|100|DA|524113|019|A|0|0| |0|0|0|0| | | | ||00||0
2026|01|527010|015|08|WA|4715|EBA|01|51|1|001|100|HA|521211|019|A|0|0| |0|0|0|0| | | | ||00||0
2026|01|527010|015|08|WA|4715|EBA|01|51|1|001|100|IA|521211|019|A|0|0| |0|0|0|0| | | | ||00||0
2026|01|527010|015|08|WA|4715|EBA|01|51|1|001|100|JA|521211|019|A|0|0| |0|0|0|0| | | | ||00||0
2026|01|527010|015|08|WA|4715|EBA|01|51|1|001|100|JA|524111|019|A|0|0| |0|0|0|0| | | | ||00||0
2026|01|527010|015|08|WA|4715|EBA|01|51|1|001|100|JA|524113|019|A|0|0| |0|0|0|0| | | | ||00||0
2026|01|527010|015|08|WA|4715|EBA|01|51|1|002|100|AA|521211|019|A|0|0| |0|0|0|0| | | | ||00||0
2026|01|527010|015|08|WA|4715|EBA|01|51|1|002|100|AA|524111|019|A|0|0| |0|0|0|0| | | | ||00||0
2026|01|527010|015|08|WA|4715|EBA|01|51|1|002|100|CA|524111|019|A|0|0| |0|0|0|0| | | | ||00||0
2026|01|527010|015|08|WA|4715|EBA|01|51|1|002|100|CA|524113|019|A|0|0| |0|0|0|0| | | | ||00||0
2026|01|527010|015|08|WA|4715|EBA|01|51|1|002|100|CA|524211|019|A|0|0| |0|0|0|0| | | | ||00||0
2026|01|527010|015|08|WA|4715|EBA|01|51|1|002|100|CB|521211|019|A|0|0| |0|0|0|0| | | | ||00||0
2026|01|527010|015|08|WA|4715|EBA|01|51|1|002|100|CB|524111|019|A|0|0| |0|0|0|0| | | | ||00||0
2026|01|527010|015|08|WA|4715|EBA|01|51|1|002|100|CC|521211|019|A|0|0| |0|0|0|0| | | | ||00||0
2026|01|527010|015|08|WA|4715|EBA|01|51|1|002|100|CC|524111|019|A|0|0| |0|0|0|0| | | | ||00||0
2026|01|527010|015|08|WA|4715|EBA|01|51|1|002|100|CD|524111|019|A|0|0| |0|0|0|0| | | | ||00||0
2026|01|527010|015|08|WA|4715|EBA|01|51|1|002|100|FA|524111|019|A|0|0| |0|0|0|0| | | | ||00||0
2026|01|527010|015|08|WA|4715|EBA|01|51|1|002|100|FA|524113|019|A|0|0| |0|0|0|0| | | | ||00||0
2026|01|527010|015|08|WA|4715|EBA|01|51|1|002|100|HA|524111|019|A|0|0| |0|0|0|0| | | | ||00||0
2026|01|527010|015|08|WA|4715|EBA|01|51|1|002|100|HA|524113|019|A|0|0| |0|0|0|0| | | | ||00||0
2026|01|527010|015|08|WA|4715|EBA|01|51|1|002|100|IA|524111|019|A|0|0| |0|0|0|0| | | | ||00||0
2026|01|527010|015|08|WA|4715|EBA|01|51|1|002|100|JA|524111|019|A|0|0| |0|0|0|0| | | | ||00||0
2026|01|527010|015|08|WA|4715|EBA|01|51|1|002|100|JA|524113|019|A|0|0| |0|0|0|0| | | | ||00||0
2026|01|527010|015|08|WA|4715|EBA|01|51|1|002|100|LA|521211|019|A|0|0| |0|0|0|0| | | | ||00||0
2026|01|527010|015|08|WA|4715|EBA|01|51|1|002|100|LA|524111|019|A|0|0| |0|0|0|0| | | | ||00||0
2026|01|527010|015|08|WA|4715|EBA|01|51|1|002|100|OA|524111|019|A|0|0| |0|0|0|0| | | | ||00||0
2026|01|527010|015|08|WA|4715|EBA|01|51|1|002|100|SA|524111|019|A|0|0| |0|0|0|0| | | | ||00||0
2026|01|527010|015|08|WA|4715|EBA|01|51|1|003|100|DA|521211|019|A|0|0| |0|0|0|0| | | | ||00||0
2026|01|527010|015|08|WA|4715|EBA|01|51|1|003|100|DA|524111|019|A|0|0| |0|0|0|0| | | | ||00||0
2026|01|527010|015|08|WA|4715|EBA|01|51|1|003|100|DA|524113|019|A|0|0| |0|0|0|0| | | | ||00||0
2026|01|527010|015|08|WA|4715|EBA|01|51|1|003|100|DB|521211|019|A|0|0| |0|0|0|0| | | | ||00||0
2026|01|527010|015|08|WA|4715|EBA|01|51|1|003|100|DB|524111|019|A|0|0| |0|0|0|0| | | | ||00||0
2026|01|527010|015|08|WA|4715|EBA|01|51|1|003|100|DB|524113|019|A|0|0| |0|0|0|0| | | | ||00||0
2026|01|527010|015|08|WA|4715|EBA|01|51|1|003|100|DC|524111|019|A|0|0| |0|0|0|0| | | | ||00||0
2026|01|527010|015|08|WA|4715|EBA|01|51|1|003|100|DD|524111|019|A|0|0| |0|0|0|0| | | | ||00||0
2026|01|527010|015|08|WA|4715|EBA|01|51|1|994|002|BA|521111|019|A|0|0| |0|0|0|0| | | | ||00||0
2026|01|527010|015|08|WA|4715|EBA|01|51|1|994|002|CA|521115|019|A|0|0| |0|0|0|0| | | | ||00||0
2026|01|527010|015|08|WA|4715|EBA|01|51|1|994|002|CB|521115|019|A|0|0| |0|0|0|0| | | | ||00||0
2026|01|527010|015|08|WA|4715|EBA|01|51|1|994|002|DA|521111|019|A|0|0| |0|0|0|0| | | | ||00||0
2026|01|527010|015|08|WA|4715|EBA|01|51|1|994|002|DA|521119|019|A|0|0| |0|0|0|0| | | | ||00||0
2026|01|527010|015|08|WA|4715|EBA|01|51|1|994|002|DA|521811|019|A|0|0| |0|0|0|0| | | | ||00||0
2026|01|527010|015|08|WA|4715|EBA|01|51|1|994|002|DB|521114|019|A|0|0| |0|0|0|0| | | | ||00||0
2026|01|527010|015|08|WA|4715|EBA|01|51|1|994|002|DB|522111|019|A|0|0| |0|0|0|0| | | | ||00||0
2026|01|527010|015|08|WA|4715|EBA|01|51|1|994|002|DB|522112|019|A|0|0| |0|0|0|0| | | | ||00||0
2026|01|527010|015|08|WA|4715|EBA|01|51|1|994|002|DB|522113|019|A|0|0| |0|0|0|0| | | | ||00||0
2026|01|527010|015|08|WA|4715|EBA|01|51|1|994|002|DB|522119|019|A|0|0| |0|0|0|0| | | | ||00||0
2026|01|527010|015|08|WA|4715|EBA|01|51|1|994|002|DC|521115|019|A|0|0| |0|0|0|0| | | | ||00||0
2026|01|527010|015|08|WA|4715|EBA|01|51|1|994|002|DD|523121|019|A|0|0| |0|0|0|0| | | | ||00||0
2026|01|527010|015|08|WA|4715|EBA|01|51|1|994|002|DE|523111|019|A|0|0| |0|0|0|0| | | | ||00||0
2026|01|527010|015|08|WA|4715|EBA|01|51|1|994|002|DE|523119|019|A|0|0| |0|0|0|0| | | | ||00||0
2026|01|527010|015|08|WA|4715|EBA|01|51|1|994|002|HA|521115|019|A|0|0| |0|0|0|0| | | | ||00||0
2026|01|527010|015|08|WA|4715|EBA|01|51|1|994|002|IA|521111|019|A|0|0| |0|0|0|0| | | | ||00||0
2026|01|527010|015|08|WA|4715|EBA|01|51|1|994|002|OA|522119|019|A|0|0| |0|0|0|0| | | | ||00||0
2026|01|527010|015|08|WA|4715|EBA|01|51|1|994|002|SA|521115|019|A|0|0| |0|0|0|0| | | | ||00||0
2026|01|527010|015|08|WA|4715|EBA|01|51|1|994|002|TJ|523121|019|A|0|0| |0|0|0|0| | | | ||00||0
2026|01|527010|015|08|WA|4715|EBA|01|51|1|994|002|TZ|523199|019|A|0|0| |0|0|0|0| | | | ||00||0
2026|01|527010|015|08|WA|4715|EBB|01|51|1|002|100|CA|532111|019|A|0|0| |0|0|0|0| | | | ||00||0
2026|01|527010|015|08|WA|4715|EBB|01|51|1|002|100|DA|532111|019|A|0|0| |0|0|0|0| | | | ||00||0
2026|01|527010|015|08|WA|4715|EBB|01|51|1|004|100|GB|533121|019|A|0|0| |0|0|0|0| | | | ||00||0
2026|01|527010|015|08|WA|4715|EBB|01|51|1|004|100|RB|533121|019|A|0|0| |0|0|0|0| | | | ||00||0
2026|01|527010|015|08|WA|4715|EBD|01|51|1|001|100|CA|521211|019|A|0|0| |0|0|0|0| | | | ||00||0
2026|01|527010|015|08|WA|4715|EBD|01|51|1|001|100|CA|522151|019|A|0|0| |0|0|0|0| | | | ||00||0
2026|01|527010|015|08|WA|4715|EBD|01|51|1|001|100|CA|522191|019|A|0|0| |0|0|0|0| | | | ||00||0
2026|01|527010|015|08|WA|4715|EBD|01|51|1|001|100|CA|524111|019|A|0|0| |0|0|0|0| | | | ||00||0
2026|01|527010|015|08|WA|4715|EBD|01|51|1|001|100|CB|521211|019|A|0|0| |0|0|0|0| | | | ||00||0
2026|01|527010|015|08|WA|4715|EBD|01|51|1|001|100|CB|524111|019|A|0|0| |0|0|0|0| | | | ||00||0
2026|01|527010|015|08|WA|4715|EBD|01|51|1|001|100|CB|524113|019|A|0|0| |0|0|0|0| | | | ||00||0
2026|01|527010|015|08|WA|4715|EBD|01|51|1|001|100|CC|521211|019|A|0|0| |0|0|0|0| | | | ||00||0
2026|01|527010|015|08|WA|4715|EBD|01|51|1|001|100|CC|524111|019|A|0|0| |0|0|0|0| | | | ||00||0
2026|01|527010|015|08|WA|4715|EBD|01|51|1|001|100|CC|524113|019|A|0|0| |0|0|0|0| | | | ||00||0
2026|01|527010|015|08|WA|4715|EBD|01|51|1|001|100|CD|521211|019|A|0|0| |0|0|0|0| | | | ||00||0
2026|01|527010|015|08|WA|4715|EBD|01|51|1|001|100|CD|524111|019|A|0|0| |0|0|0|0| | | | ||00||0
2026|01|527010|015|08|WA|4715|EBD|01|51|1|001|100|CD|524114|019|A|0|0| |0|0|0|0| | | | ||00||0
2026|01|527010|015|08|WA|4715|EBD|01|51|1|004|100|CA|521211|019|A|0|0| |0|0|0|0| | | | ||00||0
2026|01|527010|015|08|WA|4715|EBD|01|51|1|004|100|CA|524111|019|A|0|0| |0|0|0|0| | | | ||00||0
2026|01|527010|015|08|WA|4715|EBD|01|51|1|004|100|CA|524113|019|A|0|0| |0|0|0|0| | | | ||00||0
2026|01|527010|015|08|WA|4715|EBD|01|51|1|004|100|CB|521211|019|A|0|0| |0|0|0|0| | | | ||00||0
2026|01|527010|015|08|WA|4715|EBD|01|51|1|004|100|CB|524111|019|A|0|0| |0|0|0|0| | | | ||00||0
2026|01|527010|015|08|WA|4715|EBD|01|51|1|004|100|CB|524113|019|A|0|0| |0|0|0|0| | | | ||00||0
2026|01|527010|015|08|WA|4715|EBD|01|51|1|004|100|CC|524111|019|A|0|0| |0|0|0|0| | | | ||00||0
2026|01|527010|015|08|WA|4715|EBD|01|51|1|004|100|CD|521211|019|A|0|0| |0|0|0|0| | | | ||00||0
2026|01|527010|015|08|WA|4715|EBD|01|51|1|004|100|CD|522151|019|A|0|0| |0|0|0|0| | | | ||00||0
2026|01|527010|015|08|WA|4715|EBD|01|51|1|004|100|CD|524111|019|A|0|0| |0|0|0|0| | | | ||00||0
2026|01|527010|015|08|WA|4715|EBD|01|51|1|004|100|CD|524114|019|A|0|0| |0|0|0|0| | | | ||00||0
2026|01|527010|015|08|WA|4715|EBD|01|51|1|974|100|DA|521219|019|A|0|0| |0|0|0|0| | | | ||00||0
2026|01|527010|015|08|WA|4715|EBD|01|51|1|974|100|DA|522191|019|A|0|0| |0|0|0|0| | | | ||00||0
2026|01|527010|015|08|WA|4715|EBD|01|51|1|974|100|DA|524111|019|A|0|0| |0|0|0|0| | | | ||00||0
2026|01|527010|015|08|WA|4715|EBD|01|51|1|974|100|DA|524113|019|A|0|0| |0|0|0|0| | | | ||00||0
2026|01|527010|015|08|WA|4715|EBD|01|51|1|974|100|DB|524111|019|A|0|0| |0|0|0|0| | | | ||00||0
2026|01|527010|015|08|WA|4715|EBD|01|51|1|974|100|DB|524113|019|A|0|0| |0|0|0|0| | | | ||00||0
2026|01|527010|015|08|WA|4715|EBD|01|51|1|Z26|100|CA|521211|019|A|0|0| |0|0|0|0| | | | ||00||0
2026|01|527010|015|08|WA|4715|EBD|01|51|1|Z26|100|CA|524111|019|A|0|0| |0|0|0|0| | | | ||00||0
2026|01|527010|015|08|WA|4715|EBD|01|51|1|Z26|100|CA|524113|019|A|0|0| |0|0|0|0| | | | ||00||0
2026|01|527010|015|08|WA|4715|EBD|01|51|1|Z26|100|CA|524114|019|A|0|0| |0|0|0|0| | | | ||00||0
2026|01|527010|015|08|WA|4715|EBD|01|51|1|Z26|100|CB|521211|019|A|0|0| |0|0|0|0| | | | ||00||0
2026|01|527010|015|08|WA|4715|EBD|01|51|1|Z26|100|CB|522151|019|A|0|0| |0|0|0|0| | | | ||00||0
2026|01|527010|015|08|WA|4715|EBD|01|51|1|Z26|100|CB|524111|019|A|0|0| |0|0|0|0| | | | ||00||0
2026|01|527010|015|08|WA|4715|EBD|01|51|1|Z26|100|CC|521211|019|A|0|0| |0|0|0|0| | | | ||00||0
2026|01|527010|015|08|WA|4715|EBD|01|51|1|Z26|100|CC|524111|019|A|0|0| |0|0|0|0| | | | ||00||0
2026|01|527010|015|08|WA|4715|EBD|01|51|1|Z26|100|CD|524111|019|A|0|0| |0|0|0|0| | | | ||00||0
2026|01|527010|015|08|WA|4715|EBD|01|51|1|Z26|100|SA|521211|019|A|0|0| |0|0|0|0| | | | ||00||0
2026|01|527010|015|08|WA|4715|EBD|01|51|1|Z26|100|SA|524111|019|A|0|0| |0|0|0|0| | | | ||00||0
2026|01|527010|015|08|WA|4715|EBD|01|51|1|Z36|100|AA|521211|019|A|0|0| |0|0|0|0| | | | ||00||0
2026|01|527010|015|08|WA|4715|EBD|01|51|1|Z36|100|AA|524111|019|A|0|0| |0|0|0|0| | | | ||00||0
2026|01|527010|015|08|WA|4715|EBD|01|51|1|Z36|100|AB|521211|019|A|0|0| |0|0|0|0| | | | ||00||0
2026|01|527010|015|08|WA|4715|EBD|01|51|1|Z36|100|AB|524111|019|A|0|0| |0|0|0|0| | | | ||00||0
2026|01|527010|015|08|WA|4715|EBD|01|51|1|Z36|100|AC|521211|019|A|0|0| |0|0|0|0| | | | ||00||0
2026|01|527010|015|08|WA|4715|EBD|01|51|1|Z36|100|AC|524111|019|A|0|0| |0|0|0|0| | | | ||00||0
2026|01|527010|015|08|WA|4718|BMB|01|51|1|001|100|DA|521211|019|A|0|0| |0|0|0|0| | | | ||00||0
2026|01|527010|015|08|WA|4718|BMB|01|51|1|001|100|DA|522191|019|A|0|0| |0|0|0|0| | | | ||00||0
2026|01|527010|015|08|WA|4718|BMB|01|51|1|002|100|QA|521211|019|A|0|0| |0|0|0|0| | | | ||00||0
2026|01|527010|015|08|WA|4718|BMB|01|51|1|002|100|QA|522151|019|A|0|0| |0|0|0|0| | | | ||00||0
2026|01|527010|015|08|WA|4718|BMB|01|51|1|002|100|QA|524111|019|A|0|0| |0|0|0|0| | | | ||00||0
2026|01|527010|015|08|WA|4718|BMB|01|51|1|002|100|QA|524113|019|A|0|0| |0|0|0|0| | | | ||00||0
2026|01|527010|015|08|WA|4718|BMB|01|51|1|002|100|QA|524114|019|A|0|0| |0|0|0|0| | | | ||00||0
2026|01|527010|015|08|WA|4718|BMB|01|51|1|002|100|QA|524119|019|A|0|0| |0|0|0|0| | | | ||00||0
2026|01|527010|015|08|WA|4718|BMB|01|51|1|002|100|QB|521211|019|A|0|0| |0|0|0|0| | | | ||00||0
2026|01|527010|015|08|WA|4718|BMB|01|51|1|002|100|QB|521213|019|A|0|0| |0|0|0|0| | | | ||00||0
2026|01|527010|015|08|WA|4718|BMB|01|51|1|002|100|QB|522151|019|A|0|0| |0|0|0|0| | | | ||00||0
2026|01|527010|015|08|WA|4718|BMB|01|51|1|002|100|QB|524111|019|A|0|0| |0|0|0|0| | | | ||00||0
2026|01|527010|015|08|WA|4718|BMB|01|51|1|002|100|QB|524113|019|A|0|0| |0|0|0|0| | | | ||00||0
2026|01|527010|015|08|WA|4718|BMB|01|51|1|002|100|QC|521211|019|A|0|0| |0|0|0|0| | | | ||00||0
2026|01|527010|015|08|WA|4718|BMB|01|51|1|002|100|QC|522151|019|A|0|0| |0|0|0|0| | | | ||00||0
2026|01|527010|015|08|WA|4718|BMB|01|51|1|002|100|QC|524111|019|A|0|0| |0|0|0|0| | | | ||00||0
2026|01|527010|015|08|WA|4718|BMB|01|51|1|002|100|QC|524113|019|A|0|0| |0|0|0|0| | | | ||00||0
2026|01|527010|015|08|WA|4718|BMB|01|51|1|003|100|AA|521211|019|A|0|0| |0|0|0|0| | | | ||00||0
2026|01|527010|015|08|WA|4718|BMB|01|51|1|003|100|AA|522151|019|A|0|0| |0|0|0|0| | | | ||00||0
2026|01|527010|015|08|WA|4718|BMB|01|51|1|003|100|AA|522191|019|A|0|0| |0|0|0|0| | | | ||00||0
2026|01|527010|015|08|WA|4718|BMB|01|51|1|003|100|AA|524111|019|A|0|0| |0|0|0|0| | | | ||00||0
2026|01|527010|015|08|WA|4719|EBA|01|51|1|003|100|AA|521211|019|A|0|0| |0|0|0|0| | | | ||00||0
2026|01|527010|015|08|WA|4719|EBA|01|51|1|003|100|AA|524111|019|A|0|0| |0|0|0|0| | | | ||00||0
2026|01|527010|015|08|WA|4719|EBA|01|51|1|003|100|AB|521211|019|A|0|0| |0|0|0|0| | | | ||00||0
2026|01|527010|015|08|WA|4719|EBA|01|51|1|003|100|AB|524111|019|A|0|0| |0|0|0|0| | | | ||00||0
2026|01|527010|015|08|WA|4719|EBA|01|51|1|003|100|AC|521211|019|A|0|0| |0|0|0|0| | | | ||00||0
2026|01|527010|015|08|WA|4719|EBA|01|51|1|003|100|AC|524111|019|A|0|0| |0|0|0|0| | | | ||00||0
2026|01|527010|015|08|WA|4719|EBA|01|51|1|003|100|AC|524119|019|A|0|0| |0|0|0|0| | | | ||00||0
2026|01|527010|015|08|WA|4719|EBA|01|51|1|003|100|AD|521211|019|A|0|0| |0|0|0|0| | | | ||00||0
2026|01|527010|015|08|WA|4719|EBA|01|51|1|003|100|AD|524111|019|A|0|0| |0|0|0|0| | | | ||00||0
2026|01|527010|015|08|WA|4719|EBA|01|51|1|003|100|AE|521211|019|A|0|0| |0|0|0|0| | | | ||00||0
2026|01|527010|015|08|WA|4719|EBA|01|51|1|003|100|AE|524111|019|A|0|0| |0|0|0|0| | | | ||00||0
2026|01|527010|015|08|WA|4719|EBA|01|51|1|003|100|AF|521211|019|A|0|0| |0|0|0|0| | | | ||00||0
2026|01|527010|015|08|WA|4719|EBA|01|51|1|003|100|AF|524111|019|A|0|0| |0|0|0|0| | | | ||00||0
2026|01|527010|015|08|WA|4719|EBA|01|51|1|003|100|AG|524111|019|A|0|0| |0|0|0|0| | | | ||00||0
2026|01|527010|015|08|WA|4719|EBA|01|51|1|003|100|AH|521211|019|A|0|0| |0|0|0|0| | | | ||00||0
2026|01|527010|015|08|WA|4719|EBA|01|51|1|003|100|AH|524111|019|A|0|0| |0|0|0|0| | | | ||00||0
2026|01|527010|015|08|WA|4719|EBA|01|51|1|003|100|AI|521211|019|A|0|0| |0|0|0|0| | | | ||00||0
2026|01|527010|015|08|WA|4719|EBA|01|51|1|003|100|AI|524111|019|A|0|0| |0|0|0|0| | | | ||00||0
2026|01|527010|015|08|WA|4719|EBA|01|51|1|003|100|AI|524113|019|A|0|0| |0|0|0|0| | | | ||00||0
2026|01|527010|015|08|WA|4719|EBA|01|51|1|003|100|AJ|524111|019|A|0|0| |0|0|0|0| | | | ||00||0
2026|01|527010|015|08|WA|4719|EBA|01|51|1|003|100|AK|522151|019|A|0|0| |0|0|0|0| | | | ||00||0
2026|01|527010|015|08|WA|4719|EBA|01|51|1|003|100|AK|524111|019|A|0|0| |0|0|0|0| | | | ||00||0
2026|01|527010|015|08|WA|4719|EBA|01|51|1|003|100|CA|521211|019|A|0|0| |0|0|0|0| | | | ||00||0
2026|01|527010|015|08|WA|4719|EBA|01|51|1|003|100|CA|524111|019|A|0|0| |0|0|0|0| | | | ||00||0
2026|01|527010|015|08|WA|4719|EBA|01|51|1|003|100|CB|521211|019|A|0|0| |0|0|0|0| | | | ||00||0
2026|01|527010|015|08|WA|4719|EBA|01|51|1|003|100|CB|522151|019|A|0|0| |0|0|0|0| | | | ||00||0
2026|01|527010|015|08|WA|4719|EBA|01|51|1|003|100|CB|522191|019|A|0|0| |0|0|0|0| | | | ||00||0
2026|01|527010|015|08|WA|4719|EBA|01|51|1|003|100|CB|524111|019|A|0|0| |0|0|0|0| | | | ||00||0
2026|01|527010|015|08|WA|4719|EBA|01|51|1|003|100|CB|524119|019|A|0|0| |0|0|0|0| | | | ||00||0
2026|01|527010|015|08|WA|4719|EBA|01|51|1|003|100|CC|521211|019|A|0|0| |0|0|0|0| | | | ||00||0
2026|01|527010|015|08|WA|4719|EBA|01|51|1|003|100|CC|522151|019|A|0|0| |0|0|0|0| | | | ||00||0
2026|01|527010|015|08|WA|4719|EBA|01|51|1|003|100|CC|522191|019|A|0|0| |0|0|0|0| | | | ||00||0
2026|01|527010|015|08|WA|4719|EBA|01|51|1|003|100|CC|524111|019|A|0|0| |0|0|0|0| | | | ||00||0
2026|01|527010|015|08|WA|4719|EBA|01|51|1|003|100|CD|522151|019|A|0|0| |0|0|0|0| | | | ||00||0
2026|01|527010|015|08|WA|4719|EBA|01|51|1|003|100|CD|522191|019|A|0|0| |0|0|0|0| | | | ||00||0
2026|01|527010|015|08|WA|4719|EBA|01|51|1|003|100|CD|524111|019|A|0|0| |0|0|0|0| | | | ||00||0
2026|01|527010|015|08|WA|4719|EBA|01|51|1|003|100|CD|524119|019|A|0|0| |0|0|0|0| | | | ||00||0
2026|01|527010|015|08|WA|4719|EBA|01|51|1|003|100|DA|521211|019|A|0|0| |0|0|0|0| | | | ||00||0
2026|01|527010|015|08|WA|4719|EBA|01|51|1|003|100|DA|524111|019|A|0|0| |0|0|0|0| | | | ||00||0
2026|01|527010|015|08|WA|4719|EBA|01|51|1|003|100|DB|521211|019|A|0|0| |0|0|0|0| | | | ||00||0
2026|01|527010|015|08|WA|4719|EBA|01|51|1|003|100|DB|522191|019|A|0|0| |0|0|0|0| | | | ||00||0
2026|01|527010|015|08|WA|4719|EBA|01|51|1|003|100|DB|524119|019|A|0|0| |0|0|0|0| | | | ||00||0
2026|01|527010|015|08|WA|4719|EBA|01|51|1|004|100|AA|524111|019|A|0|0| |0|0|0|0| | | | ||00||0
2026|01|527010|015|08|WA|4719|EBA|01|51|1|004|100|AB|521211|019|A|0|0| |0|0|0|0| | | | ||00||0
2026|01|527010|015|08|WA|4719|EBA|01|51|1|004|100|AB|524111|019|A|0|0| |0|0|0|0| | | | ||00||0
2026|01|527010|015|08|WA|4719|EBA|01|51|1|004|100|AC|522191|019|A|0|0| |0|0|0|0| | | | ||00||0
2026|01|527010|015|08|WA|4719|EBA|01|51|1|004|100|AC|524111|019|A|0|0| |0|0|0|0| | | | ||00||0
2026|01|527010|015|08|WA|4719|EBA|01|51|1|004|100|AD|524111|019|A|0|0| |0|0|0|0| | | | ||00||0
2026|01|527010|015|08|WA|4719|EBA|01|51|1|006|100|EA|524111|019|A|0|0| |0|0|0|0| | | | ||00||0
2026|01|527010|015|08|WA|4719|EBA|01|51|1|006|100|EA|524113|019|A|0|0| |0|0|0|0| | | | ||00||0
2026|01|527010|015|08|WA|4719|EBA|01|51|1|007|100|EA|522191|019|A|0|0| |0|0|0|0| | | | ||00||0
2026|01|527010|015|08|WA|4719|EBA|01|51|1|007|100|EA|524111|019|A|0|0| |0|0|0|0| | | | ||00||0
2026|01|527010|015|08|WA|4719|EBA|01|51|1|994|001|CA|511129|019|A|0|0| |0|0|0|0| | | | ||00||0
2026|01|527010|015|08|WA|4719|EBA|01|51|1|994|001|CA|512211|019|A|0|0| |0|0|0|0| | | | ||00||0
2026|01|527010|015|08|WA|4719|EBA|01|51|1|994|001|CB|511611|019|A|0|0| |0|0|0|0| | | | ||00||0
2026|01|527010|015|08|WA|4719|EBA|01|51|1|994|001|CB|511619|019|A|0|0| |0|0|0|0| | | | ||00||0
2026|01|527010|015|08|WA|4719|EBA|01|51|1|994|001|CB|511621|019|A|0|0| |0|0|0|0| | | | ||00||0
2026|01|527010|015|08|WA|4719|EBA|01|51|1|994|001|CB|511622|019|A|0|0| |0|0|0|0| | | | ||00||0
2026|01|527010|015|08|WA|4719|EBA|01|51|1|994|001|CB|511624|019|A|0|0| |0|0|0|0| | | | ||00||0
2026|01|527010|015|08|WA|4719|EBA|01|51|1|994|001|CB|511625|019|A|0|0| |0|0|0|0| | | | ||00||0
2026|01|527010|015|08|WA|4719|EBA|01|51|1|994|001|CB|511628|019|A|0|0| |0|0|0|0| | | | ||00||0
2026|01|527010|015|08|WA|4719|EBA|01|51|1|994|001|CB|511632|019|A|0|0| |0|0|0|0| | | | ||00||0
2026|01|527010|015|08|WA|4719|EBA|01|51|1|994|001|CB|512212|019|A|0|0| |0|0|0|0| | | | ||00||0
2026|01|527010|015|08|WA|4719|EBC|01|51|1|001|100|BA|521211|019|A|0|0| |0|0|0|0| | | | ||00||0
2026|01|527010|015|08|WA|4719|EBC|01|51|1|001|100|BA|522131|019|A|0|0| |0|0|0|0| | | | ||00||0
2026|01|527010|015|08|WA|4719|EBC|01|51|1|001|100|BA|522151|019|A|0|0| |0|0|0|0| | | | ||00||0
2026|01|527010|015|08|WA|4719|EBC|01|51|1|001|100|BA|524111|019|A|0|0| |0|0|0|0| | | | ||00||0
2026|01|527010|015|08|WA|4719|EBC|01|51|1|001|100|BA|524113|019|A|0|0| |0|0|0|0| | | | ||00||0
2026|01|527010|015|08|WA|4719|EBC|01|51|1|001|100|BB|521211|019|A|0|0| |0|0|0|0| | | | ||00||0
2026|01|527010|015|08|WA|4719|EBC|01|51|1|001|100|BB|522151|019|A|0|0| |0|0|0|0| | | | ||00||0
2026|01|527010|015|08|WA|4719|EBC|01|51|1|001|100|BB|522191|019|A|0|0| |0|0|0|0| | | | ||00||0
2026|01|527010|015|08|WA|4719|EBC|01|51|1|001|100|BB|524111|019|A|0|0| |0|0|0|0| | | | ||00||0
2026|01|527010|015|08|WA|4719|EBC|01|51|1|001|100|BB|524119|019|A|0|0| |0|0|0|0| | | | ||00||0
2026|01|527010|015|08|WA|4719|EBC|01|51|1|001|100|BC|521211|019|A|0|0| |0|0|0|0| | | | ||00||0
2026|01|527010|015|08|WA|4719|EBC|01|51|1|001|100|BC|522151|019|A|0|0| |0|0|0|0| | | | ||00||0
2026|01|527010|015|08|WA|4719|EBC|01|51|1|001|100|BC|522191|019|A|0|0| |0|0|0|0| | | | ||00||0
2026|01|527010|015|08|WA|4719|EBC|01|51|1|001|100|BC|524111|019|A|0|0| |0|0|0|0| | | | ||00||0
2026|01|527010|015|08|WA|4719|EBC|01|51|1|001|100|BC|524113|019|A|0|0| |0|0|0|0| | | | ||00||0
2026|01|527010|015|08|WA|4719|EBC|01|51|1|001|100|BC|524114|019|A|0|0| |0|0|0|0| | | | ||00||0
2026|01|527010|015|08|WA|4719|EBC|01|51|1|001|100|CA|521211|019|A|0|0| |0|0|0|0| | | | ||00||0
2026|01|527010|015|08|WA|4719|EBC|01|51|1|001|100|CA|524114|019|A|0|0| |0|0|0|0| | | | ||00||0
2026|01|527010|015|08|WA|4719|EBC|01|51|1|001|100|DA|522151|019|A|0|0| |0|0|0|0| | | | ||00||0
2026|01|527010|015|08|WA|4719|EBC|01|51|1|001|100|DB|522151|019|A|0|0| |0|0|0|0| | | | ||00||0
2026|01|527010|015|08|WA|4719|EBC|01|51|1|001|100|DC|521219|019|A|0|0| |0|0|0|0| | | | ||00||0
2026|01|527010|015|08|WA|4719|EBC|01|51|1|001|100|DC|522151|019|A|0|0| |0|0|0|0| | | | ||00||0
2026|01|527010|015|08|WA|4719|EBC|01|51|1|001|100|DC|524114|019|A|0|0| |0|0|0|0| | | | ||00||0
2026|01|527010|015|08|WA|4719|EBC|01|51|1|001|100|DC|524119|019|A|0|0| |0|0|0|0| | | | ||00||0
2026|01|527010|015|08|WA|4719|EBC|01|51|1|001|100|DD|522151|019|A|0|0| |0|0|0|0| | | | ||00||0
2026|01|527010|015|08|WA|4719|EBC|01|51|1|001|100|IA|521211|019|A|0|0| |0|0|0|0| | | | ||00||0
2026|01|527010|015|08|WA|4719|EBC|01|51|1|001|100|IA|524119|019|A|0|0| |0|0|0|0| | | | ||00||0
2026|01|527010|015|08|WA|4719|EBC|01|51|1|001|100|JA|522151|019|A|0|0| |0|0|0|0| | | | ||00||0
2026|01|527010|015|08|WA|4719|EBC|01|51|1|001|100|JA|524119|019|A|0|0| |0|0|0|0| | | | ||00||0
2026|01|527010|015|08|WA|4719|EBC|01|51|1|001|100|OB|521211|019|A|0|0| |0|0|0|0| | | | ||00||0
2026|01|527010|015|08|WA|4719|EBC|01|51|1|001|100|OD|521211|019|A|0|0| |0|0|0|0| | | | ||00||0
2026|01|527010|015|08|WA|4719|EBC|01|51|1|001|100|OD|524114|019|A|0|0| |0|0|0|0| | | | ||00||0
2026|01|527010|015|08|WA|4719|EBC|01|51|1|001|100|OE|524111|019|A|0|0| |0|0|0|0| | | | ||00||0
2026|01|527010|015|08|WA|4719|EBC|01|51|1|001|100|OE|524113|019|A|0|0| |0|0|0|0| | | | ||00||0
2026|01|527010|015|08|WA|4719|EBC|01|51|1|001|100|XB|522191|019|A|0|0| |0|0|0|0| | | | ||00||0
2026|01|527010|015|08|WA|4719|EBC|01|51|1|001|100|XB|524113|019|A|0|0| |0|0|0|0| | | | ||00||0
2026|01|527010|015|08|WA|4719|EBC|01|51|1|001|100|XC|524111|019|A|0|0| |0|0|0|0| | | | ||00||0
2026|01|527010|015|08|WA|4719|EBC|01|51|1|003|100|BA|521211|019|A|0|0| |0|0|0|0| | | | ||00||0
2026|01|527010|015|08|WA|4719|EBC|01|51|1|003|100|BA|522151|019|A|0|0| |0|0|0|0| | | | ||00||0
2026|01|527010|015|08|WA|4719|EBC|01|51|1|003|100|BA|524111|019|A|0|0| |0|0|0|0| | | | ||00||0
2026|01|527010|015|08|WA|4719|EBC|01|51|1|003|100|BA|524113|019|A|0|0| |0|0|0|0| | | | ||00||0
2026|01|527010|015|08|WA|4719|EBC|01|51|1|003|100|BB|521211|019|A|0|0| |0|0|0|0| | | | ||00||0
2026|01|527010|015|08|WA|4719|EBC|01|51|1|003|100|BB|524111|019|A|0|0| |0|0|0|0| | | | ||00||0
2026|01|527010|015|08|WA|4719|EBC|01|51|1|003|100|CA|524111|019|A|0|0| |0|0|0|0| | | | ||00||0
2026|01|527010|015|08|WA|4719|EBC|01|51|1|003|100|XA|524111|019|A|0|0| |0|0|0|0| | | | ||00||0
2026|01|527010|015|08|WA|4719|EBC|01|51|1|004|100|AA|521211|019|A|0|0| |0|0|0|0| | | | ||00||0
2026|01|527010|015|08|WA|4719|EBC|01|51|1|004|100|AA|524111|019|A|0|0| |0|0|0|0| | | | ||00||0
2026|01|527010|015|08|WA|4719|EBC|01|51|1|004|100|BA|521211|019|A|0|0| |0|0|0|0| | | | ||00||0
2026|01|527010|015|08|WA|4719|EBC|01|51|1|004|100|BA|524111|019|A|0|0| |0|0|0|0| | | | ||00||0
2026|01|527010|015|08|WA|4722|EBD|01|51|1|001|100|EA|524111|019|A|0|0| |0|0|0|0| | | | ||00||0
2026|01|527010|015|08|WA|4722|EBD|01|51|1|001|100|JA|522151|019|A|0|0| |0|0|0|0| | | | ||00||0
2026|01|527010|015|08|WA|4722|EBD|01|51|1|001|100|JA|524111|019|A|0|0| |0|0|0|0| | | | ||00||0
2026|01|527010|015|08|WA|4722|EBD|01|51|1|002|100|EA|521211|019|A|0|0| |0|0|0|0| | | | ||00||0
2026|01|527010|015|08|WA|4722|EBD|01|51|1|002|100|EA|524111|019|A|0|0| |0|0|0|0| | | | ||00||0
2026|01|527010|015|08|WA|4722|EBD|01|51|1|002|100|EA|524113|019|A|0|0| |0|0|0|0| | | | ||00||0
2026|01|527010|015|08|WA|4722|EBD|01|51|1|002|100|JA|521211|019|A|0|0| |0|0|0|0| | | | ||00||0
2026|01|527010|015|08|WA|4722|EBD|01|51|1|003|100|EA|521211|019|A|0|0| |0|0|0|0| | | | ||00||0
2026|01|527010|015|08|WA|4722|EBD|01|51|1|003|100|EA|522151|019|A|0|0| |0|0|0|0| | | | ||00||0
2026|01|527010|015|08|WA|4722|EBD|01|51|1|003|100|EA|524113|019|A|0|0| |0|0|0|0| | | | ||00||0
2026|01|527010|015|08|WA|4722|EBD|01|51|1|003|100|EB|521211|019|A|0|0| |0|0|0|0| | | | ||00||0
2026|01|527010|015|08|WA|4722|EBD|01|51|1|003|100|EB|522151|019|A|0|0| |0|0|0|0| | | | ||00||0
2026|01|527010|015|08|WA|4722|EBD|01|51|1|003|100|EC|521211|019|A|0|0| |0|0|0|0| | | | ||00||0
2026|01|527010|015|08|WA|4722|EBD|01|51|1|003|100|EC|524111|019|A|0|0| |0|0|0|0| | | | ||00||0
2026|01|527010|015|08|WA|4722|EBD|01|51|1|003|100|EC|524113|019|A|0|0| |0|0|0|0| | | | ||00||0
2026|01|527010|015|08|WA|4722|EBD|01|51|1|003|100|ED|524111|019|A|0|0| |0|0|0|0| | | | ||00||0
2026|01|527010|015|08|WA|4722|EBD|01|51|1|003|100|EE|521211|019|A|0|0| |0|0|0|0| | | | ||00||0
2026|01|527010|015|08|WA|4722|EBD|01|51|1|003|100|EE|524111|019|A|0|0| |0|0|0|0| | | | ||00||0
2026|01|527010|015|08|WA|4722|EBD|01|51|1|003|100|EE|524113|019|A|0|0| |0|0|0|0| | | | ||00||0
2026|01|527010|015|08|WA|4725|CCL|01|51|1|001|005|TJ|523121|019|A|0|0| |0|0|0|0| | | | ||00||0
2026|01|527010|015|08|WA|4725|CCL|01|51|1|001|005|TJ|523199|019|A|0|0| |0|0|0|0| | | | ||00||0
2026|01|527010|015|08|WA|4725|CCL|01|51|1|002|005|TJ|522191|019|A|0|0| |0|0|0|0| | | | ||00||0
2026|01|527010|015|08|WA|4725|CCL|01|51|1|002|005|TJ|523199|019|A|0|0| |0|0|0|0| | | | ||00||0
2026|01|527010|015|08|WA|4725|CCL|01|51|1|003|005|TJ|522191|019|A|0|0| |0|0|0|0| | | | ||00||0
2026|01|527010|015|08|WA|4725|CCL|01|51|1|003|005|TJ|523121|019|A|0|0| |0|0|0|0| | | | ||00||0
2026|01|527010|015|08|WA|4725|CCL|01|51|1|003|005|TJ|523199|019|A|0|0| |0|0|0|0| | | | ||00||0
2026|01|527010|015|08|WA|4725|FAB|01|51|1|001|100|LA|521211|019|A|0|0| |0|0|0|0| | | | ||00||0
2026|01|527010|015|08|WA|4725|FAB|01|51|1|001|100|LA|522151|019|A|0|0| |0|0|0|0| | | | ||00||0
2026|01|527010|015|08|WA|4725|FAB|01|51|1|001|100|LA|524111|019|A|0|0| |0|0|0|0| | | | ||00||0
2026|01|527010|015|08|WA|4725|FAB|01|51|1|001|100|LA|524113|019|A|0|0| |0|0|0|0| | | | ||00||0
2026|01|527010|015|08|WA|4725|FAB|01|51|1|002|100|LA|521211|019|A|0|0| |0|0|0|0| | | | ||00||0
2026|01|527010|015|08|WA|4725|FAB|01|51|1|002|100|LA|524111|019|A|0|0| |0|0|0|0| | | | ||00||0
2026|01|527010|015|08|WA|4725|FAB|01|51|1|002|100|LA|524113|019|A|0|0| |0|0|0|0| | | | ||00||0
2026|01|527010|015|08|WA|4725|FAB|01|51|1|002|100|TH|522191|019|A|0|0| |0|0|0|0| | | | ||00||0
2026|01|527010|015|08|WA|4725|FAB|01|51|1|003|100|EA|524111|019|A|0|0| |0|0|0|0| | | | ||00||0
2026|01|527010|015|08|WA|4725|FAB|01|51|1|003|100|LA|521211|019|A|0|0| |0|0|0|0| | | | ||00||0
2026|01|527010|015|08|WA|4725|FAB|01|51|1|003|100|LA|524111|019|A|0|0| |0|0|0|0| | | | ||00||0
2026|01|527010|015|08|WA|4725|FAB|01|51|1|003|100|LA|524113|019|A|0|0| |0|0|0|0| | | | ||00||0
2026|01|527010|015|08|WA|4725|FAB|01|51|1|003|100|TH|522191|019|A|0|0| |0|0|0|0| | | | ||00||0
2026|01|527010|015|08|WA|4725|FAB|01|51|1|004|100|LA|521211|019|A|0|0| |0|0|0|0| | | | ||00||0
2026|01|527010|015|08|WA|4725|FAB|01|51|1|004|100|LA|524111|019|A|0|0| |0|0|0|0| | | | ||00||0
2026|01|527010|015|08|WA|4725|FAB|01|51|1|004|100|LA|524113|019|A|0|0| |0|0|0|0| | | | ||00||0
2026|01|527010|015|08|WA|4725|FAB|01|51|1|006|100|JA|521211|019|A|0|0| |0|0|0|0| | | | ||00||0
2026|01|527010|015|08|WA|4725|FAB|01|51|1|006|100|JA|521213|019|A|0|0| |0|0|0|0| | | | ||00||0
2026|01|527010|015|08|WA|4725|FAB|01|51|1|006|100|JA|522151|019|A|0|0| |0|0|0|0| | | | ||00||0
2026|01|527010|015|08|WA|4725|FAB|01|51|1|006|100|JA|524111|019|A|0|0| |0|0|0|0| | | | ||00||0
2026|01|527010|015|08|WA|4725|FAB|01|51|1|006|100|JA|524113|019|A|0|0| |0|0|0|0| | | | ||00||0
2026|01|527010|015|08|WA|4725|FAB|01|51|1|006|100|JA|524114|019|A|0|0| |0|0|0|0| | | | ||00||0
2026|01|527010|015|08|WA|4725|FAB|01|51|1|008|100|FA|524111|019|A|0|0| |0|0|0|0| | | | ||00||0
2026|01|527010|015|08|WA|4725|FAB|01|51|1|008|100|FB|524111|019|A|0|0| |0|0|0|0| | | | ||00||0
2026|01|527010|015|08|WA|4725|FAB|01|51|1|307|100|SA|521211|019|A|0|0| |0|0|0|0| | | | ||00||0
2026|01|527010|015|08|WA|4725|FAB|01|51|1|307|100|SA|524111|019|A|0|0| |0|0|0|0| | | | ||00||0
2026|01|528476|015|08|CD|6212|BMB|21|51|2|001|100| A|524113|061|A|0|0| |0|0|0|0| | | | ||00||0
2026|01|528476|015|08|CD|6212|BMB|21|51|2|001|100| B|521211|061|A|0|0| |0|0|0|0| | | | ||00||0
2026|01|528476|015|08|CD|6212|BMB|21|51|2|001|100| B|522151|061|A|0|0| |0|0|0|0| | | | ||00||0
2026|01|528476|015|08|CD|6212|BMB|21|51|2|001|100| B|524113|061|A|0|0| |0|0|0|0| | | | ||00||0
2026|01|528476|015|08|CD|6212|BMB|21|51|2|001|100| C|524113|061|A|0|0| |0|0|0|0| | | | ||00||0
2026|01|528476|015|08|CD|6212|BMB|21|51|2|001|100| D|521211|061|A|0|0| |0|0|0|0| | | | ||00||0
2026|01|528476|015|08|CD|6212|BMB|21|51|2|001|100| D|522141|061|A|0|0| |0|0|0|0| | | | ||00||0
2026|01|528476|015|08|CD|6212|FAC|21|51|2|002|100| A|524111|061|A|0|0| |0|0|0|0| | | | ||00||0
2026|01|528476|015|08|CD|6212|FAC|21|51|2|002|100| A|524113|061|A|0|0| |0|0|0|0| | | | ||00||0
2026|01|528476|015|08|CD|6212|FAC|21|51|2|002|100| B|524111|061|A|0|0| |0|0|0|0| | | | ||00||0
2026|01|528476|015|08|CD|6212|FAC|21|51|2|002|100| B|524113|061|A|0|0| |0|0|0|0| | | | ||00||0
2026|01|528476|015|08|CD|6212|FAH|21|51|2|002|100| A|521211|061|A|0|0| |0|0|0|0| | | | ||00||0
2026|01|528476|015|08|CD|6212|FAH|21|51|2|002|100| B|524111|061|A|0|0| |0|0|0|0| | | | ||00||0
2026|01|528476|015|08|CD|6212|FAH|21|51|2|002|100| B|524113|061|A|0|0| |0|0|0|0| | | | ||00||0
2026|01|528476|015|08|CD|6212|FAH|21|51|2|002|100| C|522151|061|A|0|0| |0|0|0|0| | | | ||00||0
2026|01|528476|015|08|CD|6212|FAH|21|51|2|002|100| C|524113|061|A|0|0| |0|0|0|0| | | | ||00||0
2026|01|528476|015|08|CD|6212|FAH|21|51|2|003|100| A|524113|061|A|0|0| |0|0|0|0| | | | ||00||0
2026|01|528476|015|08|CD|6212|FAH|21|51|2|003|100| B|524111|061|A|0|0| |0|0|0|0| | | | ||00||0
2026|01|528476|015|08|CD|6212|FAH|21|51|2|003|100| B|524113|061|A|0|0| |0|0|0|0| | | | ||00||0
2026|01|528476|015|08|CD|6212|FAL|21|51|2|001|100| A|524111|061|A|0|0| |0|0|0|0| | | | ||00||0
2026|01|528476|015|08|CD|6212|FAL|21|51|2|001|100| A|524113|061|A|0|0| |0|0|0|0| | | | ||00||0
2026|01|528476|015|08|CD|6212|FAL|21|51|2|001|100| B|521211|061|A|0|0| |0|0|0|0| | | | ||00||0
2026|01|528476|015|08|CD|6212|FAL|21|51|2|001|100| B|522151|061|A|0|0| |0|0|0|0| | | | ||00||0
2026|01|528476|015|08|CD|6212|FAL|21|51|2|001|100| C|524111|061|A|0|0| |0|0|0|0| | | | ||00||0
2026|01|528476|015|08|CD|6212|FAL|21|51|2|001|100| C|524113|061|A|0|0| |0|0|0|0| | | | ||00||0
2026|01|528476|015|08|CD|6212|FAL|21|51|2|001|100| D|521211|061|A|0|0| |0|0|0|0| | | | ||00||0
2026|01|528476|015|08|CD|6212|FAL|21|51|2|001|100| D|521213|061|A|0|0| |0|0|0|0| | | | ||00||0
2026|01|528476|015|08|CD|6212|FAL|21|51|2|001|100| D|522151|061|A|0|0| |0|0|0|0| | | | ||00||0
2026|01|528476|015|08|CD|6212|FAL|21|51|2|001|100| D|524113|061|A|0|0| |0|0|0|0| | | | ||00||0
2026|01|528476|015|08|CD|6213|ABA|21|51|2|001|100| A|522151|061|A|0|0| |0|0|0|0| | | | ||00||0
2026|01|528476|015|08|CD|6213|ABA|21|51|2|001|100| A|524111|061|A|0|0| |0|0|0|0| | | | ||00||0
2026|01|528476|015|08|CD|6213|FAE|21|51|2|008|100| A|522151|061|A|0|0| |0|0|0|0| | | | ||00||0
2026|01|528476|015|08|CD|6213|FAE|21|51|2|008|100| A|524111|061|A|0|0| |0|0|0|0| | | | ||00||0
2026|01|528476|015|08|CD|6213|FAE|21|51|2|009|100| B|524111|061|A|0|0| |0|0|0|0| | | | ||00||0
2026|01|528476|015|08|CD|6213|FAE|21|51|2|009|100| B|524113|061|A|0|0| |0|0|0|0| | | | ||00||0
2026|01|528476|015|08|CD|6213|FAE|21|51|2|009|100| C|524111|061|A|0|0| |0|0|0|0| | | | ||00||0
2026|01|528476|015|08|CD|6213|FAE|21|51|2|009|100| C|524113|061|A|0|0| |0|0|0|0| | | | ||00||0
2026|01|528476|015|08|CD|6213|FAE|21|51|2|009|100| D|521211|061|A|0|0| |0|0|0|0| | | | ||00||0
2026|01|528476|015|08|CD|6213|FAE|21|51|2|009|100| D|522151|061|A|0|0| |0|0|0|0| | | | ||00||0
2026|01|528476|015|08|CD|6213|FAE|21|51|2|009|100| D|524113|061|A|0|0| |0|0|0|0| | | | ||00||0
2026|01|528476|015|08|CD|6213|FAL|21|51|2|003|100| A|521211|061|A|0|0| |0|0|0|0| | | | ||00||0
2026|01|528476|015|08|CD|6213|FAL|21|51|2|003|100| C|521211|061|A|0|0| |0|0|0|0| | | | ||00||0
2026|01|528476|015|08|CD|6213|FAL|21|51|2|003|100| D|524111|061|A|0|0| |0|0|0|0| | | | ||00||0
2026|01|528476|015|08|CD|6213|FAL|21|51|2|003|100| D|524113|061|A|0|0| |0|0|0|0| | | | ||00||0
2026|01|528476|015|08|CD|6213|FAL|21|51|2|003|100| E|521211|061|A|0|0| |0|0|0|0| | | | ||00||0
2026|01|528476|015|08|CD|6213|FAL|21|51|2|003|100| E|522151|061|A|0|0| |0|0|0|0| | | | ||00||0
2026|01|528476|015|08|CD|6213|FAL|21|51|2|003|100| E|524113|061|A|0|0| |0|0|0|0| | | | ||00||0
2026|01|528476|015|08|CD|6213|FAL|21|51|2|003|100| F|521211|061|A|0|0| |0|0|0|0| | | | ||00||0
2026|01|528476|015|08|CD|6213|FAL|21|51|2|003|100| F|522151|061|A|0|0| |0|0|0|0| | | | ||00||0
2026|01|528476|015|08|CD|6213|FAL|21|51|2|003|100| F|524111|061|A|0|0| |0|0|0|0| | | | ||00||0
2026|01|528476|015|08|CD|6213|FAL|21|51|2|003|100| F|524113|061|A|0|0| |0|0|0|0| | | | ||00||0
2026|01|528476|015|08|CD|6213|FAL|21|51|2|003|100| G|521211|061|A|0|0| |0|0|0|0| | | | ||00||0
2026|01|528476|015|08|CD|6213|FAL|21|51|2|003|100| H|524111|061|A|0|0| |0|0|0|0| | | | ||00||0
2026|01|528476|015|08|CD|6213|FAL|21|51|2|003|100| H|524113|061|A|0|0| |0|0|0|0| | | | ||00||0
2026|01|528476|015|08|CD|6215|FAH|21|51|2|001|100| A|524111|061|A|0|0| |0|0|0|0| | | | ||00||0
2026|01|528476|015|08|CD|6215|FAH|21|51|2|001|100| A|524113|061|A|0|0| |0|0|0|0| | | | ||00||0
2026|01|528476|015|08|CD|6215|FAH|21|51|2|001|100| B|521211|061|A|0|0| |0|0|0|0| | | | ||00||0
2026|01|528476|015|08|CD|6215|FAH|21|51|2|003|100| A|524111|061|A|0|0| |0|0|0|0| | | | ||00||0
2026|01|528476|015|08|CD|6215|FAH|21|51|2|003|100| A|524113|061|A|0|0| |0|0|0|0| | | | ||00||0
2026|01|528476|015|08|CD|6215|FAH|21|51|2|003|100| B|521211|061|A|0|0| |0|0|0|0| | | | ||00||0
2026|01|528476|015|08|CD|6216|FAE|21|51|2|002|100| A|524111|061|A|0|0| |0|0|0|0| | | | ||00||0
2026|01|528476|015|08|CD|6216|FAE|21|51|2|002|100| A|524113|061|A|0|0| |0|0|0|0| | | | ||00||0
2026|01|528476|015|08|WA|4715|EBA|21|51|2|001|100| A|521811|061|A|0|0| |0|0|0|0| | | | ||00||0
2026|01|528476|015|08|WA|4715|EBA|21|51|2|001|100| A|522151|061|A|0|0| |0|0|0|0| | | | ||00||0
2026|01|528476|015|08|WA|4715|EBA|21|51|2|001|100| B|522151|061|A|0|0| |0|0|0|0| | | | ||00||0
2026|01|528476|015|08|WA|4715|EBA|21|51|2|001|100| B|524113|061|A|0|0| |0|0|0|0| | | | ||00||0
2026|01|528476|015|08|WA|4715|EBA|21|51|2|002|100| A|524111|061|A|0|0| |0|0|0|0| | | | ||00||0
2026|01|528476|015|08|WA|4715|EBA|21|51|2|002|100| A|524113|061|A|0|0| |0|0|0|0| | | | ||00||0
2026|01|528476|015|08|WA|4715|EBA|21|51|2|994|002| A|521111|061|A|0|0| |0|0|0|0| | | | ||00||0
2026|01|528476|015|08|WA|4715|EBA|21|51|2|994|002| A|521119|061|A|0|0| |0|0|0|0| | | | ||00||0
2026|01|528476|015|08|WA|4715|EBA|21|51|2|994|002| A|521811|061|A|0|0| |0|0|0|0| | | | ||00||0
2026|01|528476|015|08|WA|4715|EBA|21|51|2|994|002| B|521114|061|A|0|0| |0|0|0|0| | | | ||00||0
2026|01|528476|015|08|WA|4715|EBA|21|51|2|994|002| B|522113|061|A|0|0| |0|0|0|0| | | | ||00||0
2026|01|528476|015|08|WA|4715|EBA|21|51|2|994|002| C|521115|061|A|0|0| |0|0|0|0| | | | ||00||0
2026|01|528476|015|08|WA|4715|EBA|21|51|2|994|002| C|521119|061|A|0|0| |0|0|0|0| | | | ||00||0
2026|01|528476|015|08|WA|4715|EBA|21|51|2|994|002| D|523121|061|A|0|0| |0|0|0|0| | | | ||00||0
2026|01|528476|015|08|WA|4715|EBA|21|51|2|994|002| G|523111|061|A|0|0| |0|0|0|0| | | | ||00||0
2026|01|528476|015|08|WA|4715|EBA|21|51|2|994|002| G|523119|061|A|0|0| |0|0|0|0| | | | ||00||0
2026|01|528476|015|08|WA|4715|EBA|21|51|2|994|002|TJ|523121|061|A|0|0| |0|0|0|0| | | | ||00||0
2026|01|528476|015|08|WA|4715|EBD|21|51|2|Z26|100| A|521211|061|A|0|0| |0|0|0|0| | | | ||00||0
2026|01|528476|015|08|WA|4715|EBD|21|51|2|Z26|100| A|524111|061|A|0|0| |0|0|0|0| | | | ||00||0
2026|01|528476|015|08|WA|4715|EBD|21|51|2|Z26|100| A|524113|061|A|0|0| |0|0|0|0| | | | ||00||0
2026|01|528476|015|08|WA|4715|EBD|21|51|2|Z36|100| A|521211|061|A|0|0| |0|0|0|0| | | | ||00||0
2026|01|528476|015|08|WA|4715|EBD|21|51|2|Z36|100| A|524111|061|A|0|0| |0|0|0|0| | | | ||00||0
2026|01|528476|015|08|WA|4718|BMB|21|51|2|001|100| A|521211|061|A|0|0| |0|0|0|0| | | | ||00||0
2026|01|528476|015|08|WA|4718|BMB|21|51|2|002|100| A|521211|061|A|0|0| |0|0|0|0| | | | ||00||0
2026|01|528476|015|08|WA|4718|BMB|21|51|2|002|100| A|521219|061|A|0|0| |0|0|0|0| | | | ||00||0
2026|01|528476|015|08|WA|4719|EBA|21|51|2|003|100| A|524111|061|A|0|0| |0|0|0|0| | | | ||00||0
2026|01|528476|015|08|WA|4719|EBA|21|51|2|003|100| A|524113|061|A|0|0| |0|0|0|0| | | | ||00||0
2026|01|528476|015|08|WA|4719|EBA|21|51|2|003|100| B|521211|061|A|0|0| |0|0|0|0| | | | ||00||0
2026|01|528476|015|08|WA|4719|EBA|21|51|2|005|100| A|524111|061|A|0|0| |0|0|0|0| | | | ||00||0
2026|01|528476|015|08|WA|4719|EBA|21|51|2|005|100| A|524113|061|A|0|0| |0|0|0|0| | | | ||00||0
2026|01|528476|015|08|WA|4719|EBA|21|51|2|005|100| B|524111|061|A|0|0| |0|0|0|0| | | | ||00||0
2026|01|528476|015|08|WA|4719|EBA|21|51|2|005|100| B|524113|061|A|0|0| |0|0|0|0| | | | ||00||0
2026|01|528476|015|08|WA|4719|EBA|21|51|2|994|001| A|511129|061|A|0|0| |0|0|0|0| | | | ||00||0
2026|01|528476|015|08|WA|4719|EBA|21|51|2|994|001| A|512211|061|A|0|0| |0|0|0|0| | | | ||00||0
2026|01|528476|015|08|WA|4719|EBC|21|51|2|001|100|XC|521211|061|A|0|0| |0|0|0|0| | | | ||00||0
2026|01|528476|015|08|WA|4719|EBC|21|51|2|001|100|XC|521219|061|A|0|0| |0|0|0|0| | | | ||00||0
2026|01|528476|015|08|WA|4719|EBC|21|51|2|001|100|XC|522141|061|A|0|0| |0|0|0|0| | | | ||00||0
2026|01|528476|015|08|WA|4719|EBC|21|51|2|001|100|XC|522151|061|A|0|0| |0|0|0|0| | | | ||00||0
2026|01|528476|015|08|WA|4719|EBC|21|51|2|001|100|XC|524113|061|A|0|0| |0|0|0|0| | | | ||00||0
2026|01|528476|015|08|WA|4722|EBD|21|51|2|001|100| A|521211|061|A|0|0| |0|0|0|0| | | | ||00||0
2026|01|528476|015|08|WA|4722|EBD|21|51|2|001|100| B|524111|061|A|0|0| |0|0|0|0| | | | ||00||0
2026|01|528476|015|08|WA|4722|EBD|21|51|2|001|100| B|524113|061|A|0|0| |0|0|0|0| | | | ||00||0
2026|01|528476|015|08|WA|4715|EBB|21|51|2|004|100|GL|533111|061|A|0|0| |0|0|0|0| | | | ||00||0
2026|01|528629|015|08|CD|6212|BMB|24|51|2|001|100| A|524113|039|A|0|0| |0|0|0|0| | | | ||00||0
2026|01|528629|015|08|CD|6212|BMB|24|51|2|001|100| B|521211|039|A|0|0| |0|0|0|0| | | | ||00||0
2026|01|528629|015|08|CD|6212|BMB|24|51|2|001|100| B|522151|039|A|0|0| |0|0|0|0| | | | ||00||0
2026|01|528629|015|08|CD|6212|BMB|24|51|2|001|100| B|524113|039|A|0|0| |0|0|0|0| | | | ||00||0
2026|01|528629|015|08|CD|6212|BMB|24|51|2|001|100| C|524113|039|A|0|0| |0|0|0|0| | | | ||00||0
2026|01|528629|015|08|CD|6212|BMB|24|51|2|001|100| D|521211|039|A|0|0| |0|0|0|0| | | | ||00||0
2026|01|528629|015|08|CD|6212|BMB|24|51|2|001|100| D|522141|039|A|0|0| |0|0|0|0| | | | ||00||0
2026|01|528629|015|08|CD|6212|FAC|24|51|2|002|100| A|524111|039|A|0|0| |0|0|0|0| | | | ||00||0
2026|01|528629|015|08|CD|6212|FAC|24|51|2|002|100| A|524113|039|A|0|0| |0|0|0|0| | | | ||00||0
2026|01|528629|015|08|CD|6212|FAC|24|51|2|002|100| B|521211|039|A|0|0| |0|0|0|0| | | | ||00||0
2026|01|528629|015|08|CD|6212|FAC|24|51|2|002|100| B|522151|039|A|0|0| |0|0|0|0| | | | ||00||0
2026|01|528629|015|08|CD|6212|FAC|24|51|2|002|100| B|524111|039|A|0|0| |0|0|0|0| | | | ||00||0
2026|01|528629|015|08|CD|6212|FAC|24|51|2|002|100| B|524113|039|A|0|0| |0|0|0|0| | | | ||00||0
2026|01|528629|015|08|CD|6212|FAH|24|51|2|003|100| A|524113|039|A|0|0| |0|0|0|0| | | | ||00||0
2026|01|528629|015|08|CD|6212|FAH|24|51|2|003|100| B|524111|039|A|0|0| |0|0|0|0| | | | ||00||0
2026|01|528629|015|08|CD|6212|FAH|24|51|2|003|100| B|524113|039|A|0|0| |0|0|0|0| | | | ||00||0
2026|01|528629|015|08|CD|6212|FAH|24|51|2|002|100| A|521211|039|A|0|0| |0|0|0|0| | | | ||00||0
2026|01|528629|015|08|CD|6212|FAH|24|51|2|002|100| B|524111|039|A|0|0| |0|0|0|0| | | | ||00||0
2026|01|528629|015|08|CD|6212|FAH|24|51|2|002|100| B|524113|039|A|0|0| |0|0|0|0| | | | ||00||0
2026|01|528629|015|08|CD|6212|FAH|24|51|2|002|100| C|522151|039|A|0|0| |0|0|0|0| | | | ||00||0
2026|01|528629|015|08|CD|6212|FAH|24|51|2|002|100| C|524113|039|A|0|0| |0|0|0|0| | | | ||00||0
2026|01|528629|015|08|CD|6212|FAL|24|51|2|001|100| A|524111|039|A|0|0| |0|0|0|0| | | | ||00||0
2026|01|528629|015|08|CD|6212|FAL|24|51|2|001|100| A|524113|039|A|0|0| |0|0|0|0| | | | ||00||0
2026|01|528629|015|08|CD|6212|FAL|24|51|2|001|100| B|521211|039|A|0|0| |0|0|0|0| | | | ||00||0
2026|01|528629|015|08|CD|6212|FAL|24|51|2|001|100| C|521211|039|A|0|0| |0|0|0|0| | | | ||00||0
2026|01|528629|015|08|CD|6212|FAL|24|51|2|001|100| D|521211|039|A|0|0| |0|0|0|0| | | | ||00||0
2026|01|528629|015|08|CD|6212|FAL|24|51|2|001|100| D|521213|039|A|0|0| |0|0|0|0| | | | ||00||0
2026|01|528629|015|08|CD|6212|FAL|24|51|2|001|100| D|522151|039|A|0|0| |0|0|0|0| | | | ||00||0
2026|01|528629|015|08|CD|6212|FAL|24|51|2|001|100| D|524113|039|A|0|0| |0|0|0|0| | | | ||00||0
2026|01|528629|015|08|CD|6213|ABA|24|51|2|001|100| A|522151|039|A|0|0| |0|0|0|0| | | | ||00||0
2026|01|528629|015|08|CD|6213|ABA|24|51|2|001|100| A|524111|039|A|0|0| |0|0|0|0| | | | ||00||0
2026|01|528629|015|08|CD|6213|FAE|24|51|2|008|100| A|521211|039|A|0|0| |0|0|0|0| | | | ||00||0
2026|01|528629|015|08|CD|6213|FAE|24|51|2|008|100| A|522151|039|A|0|0| |0|0|0|0| | | | ||00||0
2026|01|528629|015|08|CD|6213|FAE|24|51|2|009|100| B|524111|039|A|0|0| |0|0|0|0| | | | ||00||0
2026|01|528629|015|08|CD|6213|FAE|24|51|2|009|100| B|524113|039|A|0|0| |0|0|0|0| | | | ||00||0
2026|01|528629|015|08|CD|6213|FAE|24|51|2|009|100| C|524111|039|A|0|0| |0|0|0|0| | | | ||00||0
2026|01|528629|015|08|CD|6213|FAE|24|51|2|009|100| C|524113|039|A|0|0| |0|0|0|0| | | | ||00||0
2026|01|528629|015|08|CD|6213|FAE|24|51|2|009|100| D|521211|039|A|0|0| |0|0|0|0| | | | ||00||0
2026|01|528629|015|08|CD|6213|FAE|24|51|2|009|100| D|522151|039|A|0|0| |0|0|0|0| | | | ||00||0
2026|01|528629|015|08|CD|6213|FAE|24|51|2|009|100| D|524113|039|A|0|0| |0|0|0|0| | | | ||00||0
2026|01|528629|015|08|CD|6213|FAL|24|51|2|003|100| A|521211|039|A|0|0| |0|0|0|0| | | | ||00||0
2026|01|528629|015|08|CD|6213|FAL|24|51|2|003|100| C|521211|039|A|0|0| |0|0|0|0| | | | ||00||0
2026|01|528629|015|08|CD|6213|FAL|24|51|2|003|100| D|524111|039|A|0|0| |0|0|0|0| | | | ||00||0
2026|01|528629|015|08|CD|6213|FAL|24|51|2|003|100| D|524113|039|A|0|0| |0|0|0|0| | | | ||00||0
2026|01|528629|015|08|CD|6213|FAL|24|51|2|003|100| E|521211|039|A|0|0| |0|0|0|0| | | | ||00||0
2026|01|528629|015|08|CD|6213|FAL|24|51|2|003|100| E|522151|039|A|0|0| |0|0|0|0| | | | ||00||0
2026|01|528629|015|08|CD|6213|FAL|24|51|2|003|100| E|524113|039|A|0|0| |0|0|0|0| | | | ||00||0
2026|01|528629|015|08|CD|6213|FAL|24|51|2|003|100| F|521211|039|A|0|0| |0|0|0|0| | | | ||00||0
2026|01|528629|015|08|CD|6213|FAL|24|51|2|003|100| F|522151|039|A|0|0| |0|0|0|0| | | | ||00||0
2026|01|528629|015|08|CD|6213|FAL|24|51|2|003|100| F|524111|039|A|0|0| |0|0|0|0| | | | ||00||0
2026|01|528629|015|08|CD|6213|FAL|24|51|2|003|100| F|524113|039|A|0|0| |0|0|0|0| | | | ||00||0
2026|01|528629|015|08|CD|6213|FAL|24|51|2|003|100| G|521211|039|A|0|0| |0|0|0|0| | | | ||00||0
2026|01|528629|015|08|CD|6213|FAL|24|51|2|003|100| H|524111|039|A|0|0| |0|0|0|0| | | | ||00||0
2026|01|528629|015|08|CD|6213|FAL|24|51|2|003|100| H|524113|039|A|0|0| |0|0|0|0| | | | ||00||0
2026|01|528629|015|08|CD|6215|FAH|24|51|2|003|100| A|524111|039|A|0|0| |0|0|0|0| | | | ||00||0
2026|01|528629|015|08|CD|6215|FAH|24|51|2|003|100| A|524113|039|A|0|0| |0|0|0|0| | | | ||00||0
2026|01|528629|015|08|CD|6215|FAH|24|51|2|003|100| B|521211|039|A|0|0| |0|0|0|0| | | | ||00||0
2026|01|528629|015|08|CD|6215|FAH|24|51|2|001|100| A|524111|039|A|0|0| |0|0|0|0| | | | ||00||0
2026|01|528629|015|08|CD|6215|FAH|24|51|2|001|100| A|524113|039|A|0|0| |0|0|0|0| | | | ||00||0
2026|01|528629|015|08|CD|6215|FAH|24|51|2|001|100| B|521211|039|A|0|0| |0|0|0|0| | | | ||00||0
2026|01|528629|015|08|CD|6216|FAE|24|51|2|002|100| A|524111|039|A|0|0| |0|0|0|0| | | | ||00||0
2026|01|528629|015|08|CD|6216|FAE|24|51|2|002|100| A|524113|039|A|0|0| |0|0|0|0| | | | ||00||0
2026|01|528629|015|08|WA|4715|EBA|24|51|2|001|100| A|521811|039|A|0|0| |0|0|0|0| | | | ||00||0
2026|01|528629|015|08|WA|4715|EBA|24|51|2|001|100| A|522151|039|A|0|0| |0|0|0|0| | | | ||00||0
2026|01|528629|015|08|WA|4715|EBA|24|51|2|001|100| B|522151|039|A|0|0| |0|0|0|0| | | | ||00||0
2026|01|528629|015|08|WA|4715|EBA|24|51|2|001|100| B|524113|039|A|0|0| |0|0|0|0| | | | ||00||0
2026|01|528629|015|08|WA|4715|EBA|24|51|2|002|100| A|524111|039|A|0|0| |0|0|0|0| | | | ||00||0
2026|01|528629|015|08|WA|4715|EBA|24|51|2|002|100| A|524113|039|A|0|0| |0|0|0|0| | | | ||00||0
2026|01|528629|015|08|WA|4715|EBA|24|51|2|994|002| A|521111|039|A|0|0| |0|0|0|0| | | | ||00||0
2026|01|528629|015|08|WA|4715|EBA|24|51|2|994|002| A|521119|039|A|0|0| |0|0|0|0| | | | ||00||0
2026|01|528629|015|08|WA|4715|EBA|24|51|2|994|002| A|521811|039|A|0|0| |0|0|0|0| | | | ||00||0
2026|01|528629|015|08|WA|4715|EBA|24|51|2|994|002| B|521114|039|A|0|0| |0|0|0|0| | | | ||00||0
2026|01|528629|015|08|WA|4715|EBA|24|51|2|994|002| B|522111|039|A|0|0| |0|0|0|0| | | | ||00||0
2026|01|528629|015|08|WA|4715|EBA|24|51|2|994|002| B|522112|039|A|0|0| |0|0|0|0| | | | ||00||0
2026|01|528629|015|08|WA|4715|EBA|24|51|2|994|002| B|522113|039|A|0|0| |0|0|0|0| | | | ||00||0
2026|01|528629|015|08|WA|4715|EBA|24|51|2|994|002| C|521115|039|A|0|0| |0|0|0|0| | | | ||00||0
2026|01|528629|015|08|WA|4715|EBA|24|51|2|994|002| C|521119|039|A|0|0| |0|0|0|0| | | | ||00||0
2026|01|528629|015|08|WA|4715|EBA|24|51|2|994|002| D|523121|039|A|0|0| |0|0|0|0| | | | ||00||0
2026|01|528629|015|08|WA|4715|EBA|24|51|2|994|002| G|523111|039|A|0|0| |0|0|0|0| | | | ||00||0
2026|01|528629|015|08|WA|4715|EBA|24|51|2|994|002|TJ|523121|039|A|0|0| |0|0|0|0| | | | ||00||0
2026|01|528629|015|08|WA|4715|EBD|24|51|2|Z26|100| A|521211|039|A|0|0| |0|0|0|0| | | | ||00||0
2026|01|528629|015|08|WA|4715|EBD|24|51|2|Z26|100| A|524111|039|A|0|0| |0|0|0|0| | | | ||00||0
2026|01|528629|015|08|WA|4715|EBD|24|51|2|Z26|100| A|524113|039|A|0|0| |0|0|0|0| | | | ||00||0
2026|01|528629|015|08|WA|4715|EBD|24|51|2|Z36|100| A|521211|039|A|0|0| |0|0|0|0| | | | ||00||0
2026|01|528629|015|08|WA|4718|BMB|24|51|2|001|100| A|521211|039|A|0|0| |0|0|0|0| | | | ||00||0
2026|01|528629|015|08|WA|4718|BMB|24|51|2|002|100| A|521211|039|A|0|0| |0|0|0|0| | | | ||00||0
2026|01|528629|015|08|WA|4718|BMB|24|51|2|002|100| A|521219|039|A|0|0| |0|0|0|0| | | | ||00||0
2026|01|528629|015|08|WA|4719|EBA|24|51|2|003|100| A|524111|039|A|0|0| |0|0|0|0| | | | ||00||0
2026|01|528629|015|08|WA|4719|EBA|24|51|2|003|100| A|524113|039|A|0|0| |0|0|0|0| | | | ||00||0
2026|01|528629|015|08|WA|4719|EBA|24|51|2|003|100| B|521211|039|A|0|0| |0|0|0|0| | | | ||00||0
2026|01|528629|015|08|WA|4719|EBA|24|51|2|994|001| A|511129|039|A|0|0| |0|0|0|0| | | | ||00||0
2026|01|528629|015|08|WA|4719|EBA|24|51|2|994|001| A|512211|039|A|0|0| |0|0|0|0| | | | ||00||0
2026|01|528629|015|08|WA|4719|EBA|24|51|2|005|100| A|524111|039|A|0|0| |0|0|0|0| | | | ||00||0
2026|01|528629|015|08|WA|4719|EBA|24|51|2|005|100| A|524113|039|A|0|0| |0|0|0|0| | | | ||00||0
2026|01|528629|015|08|WA|4719|EBA|24|51|2|005|100| B|524111|039|A|0|0| |0|0|0|0| | | | ||00||0
2026|01|528629|015|08|WA|4719|EBA|24|51|2|005|100| B|524113|039|A|0|0| |0|0|0|0| | | | ||00||0
2026|01|528629|015|08|WA|4719|EBC|24|51|2|001|100|XC|521211|039|A|0|0| |0|0|0|0| | | | ||00||0
2026|01|528629|015|08|WA|4719|EBC|24|51|2|001|100|XC|522151|039|A|0|0| |0|0|0|0| | | | ||00||0
2026|01|528629|015|08|WA|4719|EBC|24|51|2|001|100|XC|524113|039|A|0|0| |0|0|0|0| | | | ||00||0
2026|01|528629|015|08|WA|4722|EBD|24|51|2|001|100| A|521211|039|A|0|0| |0|0|0|0| | | | ||00||0
2026|01|528629|015|08|WA|4722|EBD|24|51|2|001|100| B|524111|039|A|0|0| |0|0|0|0| | | | ||00||0
2026|01|528629|015|08|WA|4722|EBD|24|51|2|001|100| B|524113|039|A|0|0| |0|0|0|0| | | | ||00||0
2026|01|528629|015|08|WA|4715|EBB|24|51|2|004|100|GL|533111|039|A|0|0| |0|0|0|0| | | | ||00||0
2026|01|662788|015|08|CD|6212|BMB|35|01|2|001|100| A|524113|185|A|0|0| |0|0|0|0| | | | ||00||0
2026|01|662788|015|08|CD|6212|BMB|35|01|2|001|100| B|521211|185|A|0|0| |0|0|0|0| | | | ||00||0
2026|01|662788|015|08|CD|6212|BMB|35|01|2|001|100| B|522151|185|A|0|0| |0|0|0|0| | | | ||00||0
2026|01|662788|015|08|CD|6212|BMB|35|01|2|001|100| B|524113|185|A|0|0| |0|0|0|0| | | | ||00||0
2026|01|662788|015|08|CD|6212|BMB|35|01|2|001|100| C|524113|185|A|0|0| |0|0|0|0| | | | ||00||0
2026|01|662788|015|08|CD|6212|BMB|35|01|2|001|100| D|521211|185|A|0|0| |0|0|0|0| | | | ||00||0
2026|01|662788|015|08|CD|6212|BMB|35|01|2|001|100| D|522141|185|A|0|0| |0|0|0|0| | | | ||00||0
2026|01|662788|015|08|CD|6212|FAC|35|01|2|002|100| A|524111|185|A|0|0| |0|0|0|0| | | | ||00||0
2026|01|662788|015|08|CD|6212|FAC|35|01|2|002|100| A|524113|185|A|0|0| |0|0|0|0| | | | ||00||0
2026|01|662788|015|08|CD|6212|FAC|35|01|2|002|100| B|524111|185|A|0|0| |0|0|0|0| | | | ||00||0
2026|01|662788|015|08|CD|6212|FAC|35|01|2|002|100| B|524113|185|A|0|0| |0|0|0|0| | | | ||00||0
2026|01|662788|015|08|CD|6212|FAH|35|01|2|003|100| A|524113|185|A|0|0| |0|0|0|0| | | | ||00||0
2026|01|662788|015|08|CD|6212|FAH|35|01|2|003|100| B|524111|185|A|0|0| |0|0|0|0| | | | ||00||0
2026|01|662788|015|08|CD|6212|FAH|35|01|2|003|100| B|524113|185|A|0|0| |0|0|0|0| | | | ||00||0
2026|01|662788|015|08|CD|6212|FAH|35|01|2|002|100| A|521211|185|A|0|0| |0|0|0|0| | | | ||00||0
2026|01|662788|015|08|CD|6212|FAH|35|01|2|002|100| B|524111|185|A|0|0| |0|0|0|0| | | | ||00||0
2026|01|662788|015|08|CD|6212|FAH|35|01|2|002|100| B|524113|185|A|0|0| |0|0|0|0| | | | ||00||0
2026|01|662788|015|08|CD|6212|FAH|35|01|2|002|100| C|522151|185|A|0|0| |0|0|0|0| | | | ||00||0
2026|01|662788|015|08|CD|6212|FAH|35|01|2|002|100| C|524113|185|A|0|0| |0|0|0|0| | | | ||00||0
2026|01|662788|015|08|CD|6212|FAL|35|01|2|001|100| A|524111|185|A|0|0| |0|0|0|0| | | | ||00||0
2026|01|662788|015|08|CD|6212|FAL|35|01|2|001|100| A|524113|185|A|0|0| |0|0|0|0| | | | ||00||0
2026|01|662788|015|08|CD|6212|FAL|35|01|2|001|100| B|521211|185|A|0|0| |0|0|0|0| | | | ||00||0
2026|01|662788|015|08|CD|6212|FAL|35|01|2|001|100| B|522151|185|A|0|0| |0|0|0|0| | | | ||00||0
2026|01|662788|015|08|CD|6212|FAL|35|01|2|001|100| C|524111|185|A|0|0| |0|0|0|0| | | | ||00||0
2026|01|662788|015|08|CD|6212|FAL|35|01|2|001|100| C|524113|185|A|0|0| |0|0|0|0| | | | ||00||0
2026|01|662788|015|08|CD|6212|FAL|35|01|2|001|100| D|521211|185|A|0|0| |0|0|0|0| | | | ||00||0
2026|01|662788|015|08|CD|6212|FAL|35|01|2|001|100| D|521213|185|A|0|0| |0|0|0|0| | | | ||00||0
2026|01|662788|015|08|CD|6212|FAL|35|01|2|001|100| D|522151|185|A|0|0| |0|0|0|0| | | | ||00||0
2026|01|662788|015|08|CD|6212|FAL|35|01|2|001|100| D|524113|185|A|0|0| |0|0|0|0| | | | ||00||0
2026|01|662788|015|08|CD|6213|ABA|35|01|2|001|100| A|522151|185|A|0|0| |0|0|0|0| | | | ||00||0
2026|01|662788|015|08|CD|6213|ABA|35|01|2|001|100| A|524111|185|A|0|0| |0|0|0|0| | | | ||00||0
2026|01|662788|015|08|CD|6213|FAE|35|01|2|008|100| A|522151|185|A|0|0| |0|0|0|0| | | | ||00||0
2026|01|662788|015|08|CD|6213|FAE|35|01|2|008|100| A|524111|185|A|0|0| |0|0|0|0| | | | ||00||0
2026|01|662788|015|08|CD|6213|FAE|35|01|2|009|100| B|524111|185|A|0|0| |0|0|0|0| | | | ||00||0
2026|01|662788|015|08|CD|6213|FAE|35|01|2|009|100| B|524113|185|A|0|0| |0|0|0|0| | | | ||00||0
2026|01|662788|015|08|CD|6213|FAE|35|01|2|009|100| C|524111|185|A|0|0| |0|0|0|0| | | | ||00||0
2026|01|662788|015|08|CD|6213|FAE|35|01|2|009|100| C|524113|185|A|0|0| |0|0|0|0| | | | ||00||0
2026|01|662788|015|08|CD|6213|FAE|35|01|2|009|100| D|521211|185|A|0|0| |0|0|0|0| | | | ||00||0
2026|01|662788|015|08|CD|6213|FAE|35|01|2|009|100| D|522151|185|A|0|0| |0|0|0|0| | | | ||00||0
2026|01|662788|015|08|CD|6213|FAE|35|01|2|009|100| D|524113|185|A|0|0| |0|0|0|0| | | | ||00||0
2026|01|662788|015|08|CD|6213|FAL|35|01|2|003|100| A|521211|185|A|0|0| |0|0|0|0| | | | ||00||0
2026|01|662788|015|08|CD|6213|FAL|35|01|2|003|100| C|521211|185|A|0|0| |0|0|0|0| | | | ||00||0
2026|01|662788|015|08|CD|6213|FAL|35|01|2|003|100| D|524111|185|A|0|0| |0|0|0|0| | | | ||00||0
2026|01|662788|015|08|CD|6213|FAL|35|01|2|003|100| D|524113|185|A|0|0| |0|0|0|0| | | | ||00||0
2026|01|662788|015|08|CD|6213|FAL|35|01|2|003|100| E|521211|185|A|0|0| |0|0|0|0| | | | ||00||0
2026|01|662788|015|08|CD|6213|FAL|35|01|2|003|100| E|522151|185|A|0|0| |0|0|0|0| | | | ||00||0
2026|01|662788|015|08|CD|6213|FAL|35|01|2|003|100| E|524113|185|A|0|0| |0|0|0|0| | | | ||00||0
2026|01|662788|015|08|CD|6213|FAL|35|01|2|003|100| F|521211|185|A|0|0| |0|0|0|0| | | | ||00||0
2026|01|662788|015|08|CD|6213|FAL|35|01|2|003|100| F|522151|185|A|0|0| |0|0|0|0| | | | ||00||0
2026|01|662788|015|08|CD|6213|FAL|35|01|2|003|100| F|524111|185|A|0|0| |0|0|0|0| | | | ||00||0
2026|01|662788|015|08|CD|6213|FAL|35|01|2|003|100| F|524113|185|A|0|0| |0|0|0|0| | | | ||00||0
2026|01|662788|015|08|CD|6213|FAL|35|01|2|003|100| G|521211|185|A|0|0| |0|0|0|0| | | | ||00||0
2026|01|662788|015|08|CD|6213|FAL|35|01|2|003|100| H|524111|185|A|0|0| |0|0|0|0| | | | ||00||0
2026|01|662788|015|08|CD|6213|FAL|35|01|2|003|100| H|524113|185|A|0|0| |0|0|0|0| | | | ||00||0
2026|01|662788|015|08|CD|6215|FAH|35|01|2|003|100| A|524111|185|A|0|0| |0|0|0|0| | | | ||00||0
2026|01|662788|015|08|CD|6215|FAH|35|01|2|003|100| A|524113|185|A|0|0| |0|0|0|0| | | | ||00||0
2026|01|662788|015|08|CD|6215|FAH|35|01|2|003|100| B|521211|185|A|0|0| |0|0|0|0| | | | ||00||0
2026|01|662788|015|08|CD|6215|FAH|35|01|2|001|100| A|524111|185|A|0|0| |0|0|0|0| | | | ||00||0
2026|01|662788|015|08|CD|6215|FAH|35|01|2|001|100| A|524113|185|A|0|0| |0|0|0|0| | | | ||00||0
2026|01|662788|015|08|CD|6215|FAH|35|01|2|001|100| B|521211|185|A|0|0| |0|0|0|0| | | | ||00||0
2026|01|662788|015|08|CD|6216|FAE|35|01|2|002|100| A|524111|185|A|0|0| |0|0|0|0| | | | ||00||0
2026|01|662788|015|08|CD|6216|FAE|35|01|2|002|100| A|524113|185|A|0|0| |0|0|0|0| | | | ||00||0
2026|01|662788|015|08|WA|4715|EBA|35|01|2|001|100| A|521811|185|A|0|0| |0|0|0|0| | | | ||00||0
2026|01|662788|015|08|WA|4715|EBA|35|01|2|001|100| A|522151|185|A|0|0| |0|0|0|0| | | | ||00||0
2026|01|662788|015|08|WA|4715|EBA|35|01|2|001|100| B|522151|185|A|0|0| |0|0|0|0| | | | ||00||0
2026|01|662788|015|08|WA|4715|EBA|35|01|2|001|100| B|524113|185|A|0|0| |0|0|0|0| | | | ||00||0
2026|01|662788|015|08|WA|4715|EBA|35|01|2|994|002| A|521111|185|A|0|0| |0|0|0|0| | | | ||00||0
2026|01|662788|015|08|WA|4715|EBA|35|01|2|994|002| A|521119|185|A|0|0| |0|0|0|0| | | | ||00||0
2026|01|662788|015|08|WA|4715|EBA|35|01|2|994|002| A|521811|185|A|0|0| |0|0|0|0| | | | ||00||0
2026|01|662788|015|08|WA|4715|EBA|35|01|2|994|002| B|521114|185|A|0|0| |0|0|0|0| | | | ||00||0
2026|01|662788|015|08|WA|4715|EBA|35|01|2|994|002| B|522113|185|A|0|0| |0|0|0|0| | | | ||00||0
2026|01|662788|015|08|WA|4715|EBA|35|01|2|994|002| C|521115|185|A|0|0| |0|0|0|0| | | | ||00||0
2026|01|662788|015|08|WA|4715|EBA|35|01|2|994|002| C|521119|185|A|0|0| |0|0|0|0| | | | ||00||0
2026|01|662788|015|08|WA|4715|EBA|35|01|2|994|002| D|523121|185|A|0|0| |0|0|0|0| | | | ||00||0
2026|01|662788|015|08|WA|4715|EBA|35|01|2|994|002| G|523111|185|A|0|0| |0|0|0|0| | | | ||00||0
2026|01|662788|015|08|WA|4715|EBA|35|01|2|994|002| G|523119|185|A|0|0| |0|0|0|0| | | | ||00||0
2026|01|662788|015|08|WA|4715|EBA|35|01|2|994|002|TJ|523121|185|A|0|0| |0|0|0|0| | | | ||00||0
2026|01|662788|015|08|WA|4715|EBA|35|01|2|002|100| A|524111|185|A|0|0| |0|0|0|0| | | | ||00||0
2026|01|662788|015|08|WA|4715|EBA|35|01|2|002|100| A|524113|185|A|0|0| |0|0|0|0| | | | ||00||0
2026|01|662788|015|08|WA|4715|EBD|35|01|2|Z26|100| A|521211|185|A|0|0| |0|0|0|0| | | | ||00||0
2026|01|662788|015|08|WA|4715|EBD|35|01|2|Z26|100| A|524111|185|A|0|0| |0|0|0|0| | | | ||00||0
2026|01|662788|015|08|WA|4715|EBD|35|01|2|Z26|100| A|524113|185|A|0|0| |0|0|0|0| | | | ||00||0
2026|01|662788|015|08|WA|4715|EBD|35|01|2|Z36|100| A|521211|185|A|0|0| |0|0|0|0| | | | ||00||0
2026|01|662788|015|08|WA|4718|BMB|35|01|2|002|100| A|521211|185|A|0|0| |0|0|0|0| | | | ||00||0
2026|01|662788|015|08|WA|4718|BMB|35|01|2|002|100| A|521219|185|A|0|0| |0|0|0|0| | | | ||00||0
2026|01|662788|015|08|WA|4718|BMB|35|01|2|001|100| A|521211|185|A|0|0| |0|0|0|0| | | | ||00||0
2026|01|662788|015|08|WA|4719|EBA|35|01|2|005|100| A|524111|185|A|0|0| |0|0|0|0| | | | ||00||0
2026|01|662788|015|08|WA|4719|EBA|35|01|2|005|100| A|524113|185|A|0|0| |0|0|0|0| | | | ||00||0
2026|01|662788|015|08|WA|4719|EBA|35|01|2|005|100| B|524111|185|A|0|0| |0|0|0|0| | | | ||00||0
2026|01|662788|015|08|WA|4719|EBA|35|01|2|005|100| B|524113|185|A|0|0| |0|0|0|0| | | | ||00||0
2026|01|662788|015|08|WA|4719|EBA|35|01|2|003|100| A|524111|185|A|0|0| |0|0|0|0| | | | ||00||0
2026|01|662788|015|08|WA|4719|EBA|35|01|2|003|100| A|524113|185|A|0|0| |0|0|0|0| | | | ||00||0
2026|01|662788|015|08|WA|4719|EBA|35|01|2|003|100| B|521211|185|A|0|0| |0|0|0|0| | | | ||00||0
2026|01|662788|015|08|WA|4719|EBA|35|01|2|994|001| A|511129|185|A|0|0| |0|0|0|0| | | | ||00||0
2026|01|662788|015|08|WA|4719|EBA|35|01|2|994|001| A|512211|185|A|0|0| |0|0|0|0| | | | ||00||0
2026|01|662788|015|08|WA|4719|EBC|35|01|2|001|100|XC|521211|185|A|0|0| |0|0|0|0| | | | ||00||0
2026|01|662788|015|08|WA|4719|EBC|35|01|2|001|100|XC|522151|185|A|0|0| |0|0|0|0| | | | ||00||0
2026|01|662788|015|08|WA|4719|EBC|35|01|2|001|100|XC|524113|185|A|0|0| |0|0|0|0| | | | ||00||0
2026|01|662788|015|08|WA|4722|EBD|35|01|2|001|100| A|521211|185|A|0|0| |0|0|0|0| | | | ||00||0
2026|01|662788|015|08|WA|4722|EBD|35|01|2|001|100| B|524111|185|A|0|0| |0|0|0|0| | | | ||00||0
2026|01|662788|015|08|WA|4722|EBD|35|01|2|001|100| B|524113|185|A|0|0| |0|0|0|0| | | | ||00||0
