thang|kdjendok|kdsatker|kddept|kdunit|kdprogram|kdgiat|kdoutput|kdlokasi|kdkabkota|kddekon|kdsoutput|kdkmpnen|kdskmpnen|urskmpnen|kdib|kdlokus|reflokus|nmlokus
2026|01|527581|015|08|CD|6212|BMB|06|53|2|001|100| A|Profiling UMKM|00||0|0
2026|01|527581|015|08|CD|6212|FAC|06|53|2|001|100| A|Training Modul Aplikasi SAKTI|00||0|0
2026|01|527581|015|08|CD|6212|FAC|06|53|2|001|100| B|FGD dan Bimtek Transfer Keuangan Daerah|00||0|0
2026|01|527581|015|08|CD|6212|FAH|06|53|2|001|100| A|TANPA SUB KOMPONEN|00||0|0
2026|01|527581|015|08|CD|6212|FAL|06|53|2|004|100| A|Konsultasi|00||0|0
2026|01|527581|015|08|CD|6212|FAL|06|53|2|004|100| B|Sosialisasi dan Bimbingan Teknis|00||0|0
2026|01|527581|015|08|CD|6212|FAL|06|53|2|004|100| D|Pembinaan Pemda, TKD, dan Penandatanganan BAR|00||0|0
2026|01|527581|015|08|CD|6213|FAC|06|53|2|001|100| A|Pembinaan Jabatan Fungsional Perbendaharaan|00||0|0
2026|01|527581|015|08|CD|6213|FAE|06|53|2|009|100| A|Monev Penyaluran Pembiayaan Ultra Mikro|00||0|0
2026|01|527581|015|08|CD|6213|FAL|06|53|2|003|100| A|Monev Pelaksanaan Anggaran|00||0|0
2026|01|527581|015|08|CD|6214|FAL|06|53|2|002|100| A|Pelaksanaan Pencairan/Penarikan/Pengesahan Dana|00||0|0
2026|01|527581|015|08|CD|6214|FAL|06|53|2|002|100| B|Penerbitan/Persetujuan/Rekonsiliasi Rekening/SKPP/Konfirmasi Penerimaan Negara, dll|00||0|0
2026|01|527581|015|08|CD|6215|FAH|06|53|2|003|100| A|Penyusunan Laporan Keuangan Tingkat Kuasa BUN di Daerah|00||0|0
2026|01|527581|015|08|CD|6215|FAH|06|53|2|003|100| B|Koordinasi UAKBUN-D KPPN di Kanwil|00||0|0
2026|01|527581|015|08|WA|4715|EBA|06|53|2|001|100| A|TANPA SUB KOMPONEN|00||0|0
2026|01|527581|015|08|WA|4715|EBA|06|53|2|001|100| B|Koordinasi Penyusunan ATK PU|00||0|0
2026|01|527581|015|08|WA|4715|EBA|06|53|2|994|002| A|Keperluan Sehari-hari Perkantoran|00||0|0
2026|01|527581|015|08|WA|4715|EBA|06|53|2|994|002| B|Langganan Daya dan Jasa|00||0|0
2026|01|527581|015|08|WA|4715|EBA|06|53|2|994|002| C|Pelaksanaan Operasional Kantor|00||0|0
2026|01|527581|015|08|WA|4715|EBA|06|53|2|994|002| D|Pemeliharaan Peralatan dan Mesin|00||0|0
2026|01|527581|015|08|WA|4715|EBA|06|53|2|994|002| G|Pemeliharaan Gedung dan Bangunan|00||0|0
2026|01|527581|015|08|WA|4715|EBA|06|53|2|994|002|TJ|Jasa Pemeliharaan/Annual Technical Support (ATS)|00||0|0
2026|01|527581|015|08|WA|4715|EBA|06|53|2|002|100| A|TANPA SUB KOMPONEN|00||0|0
2026|01|527581|015|08|WA|4715|EBD|06|53|2|Z36|100| B|Pelaksanaan Manajemen Kinerja, Resiko dan Kepatuhan Internal|00||0|0
2026|01|527581|015|08|WA|4718|BMB|06|53|2|002|100| A|TANPA SUB KOMPONEN|00||0|0
2026|01|527581|015|08|WA|4718|BMB|06|53|2|001|100| A|TANPA SUB KOMPONEN|00||0|0
2026|01|527581|015|08|WA|4719|EBA|06|53|2|994|001| A|TANPA SUB KOMPONEN|00||0|0
2026|01|527581|015|08|WA|4719|EBA|06|53|2|004|100| A|Survey Kepuasan Pengguna Layanan|00||0|0
2026|01|527581|015|08|WA|4719|EBC|06|53|2|001|100|XC|Penyelenggaraan Capacity Building|00||0|0
2026|01|527521|015|08|CD|6212|BMB|05|12|2|001|100|AA|Profiling UMKM - KPPN Induk|00||0|0
2026|01|527521|015|08|CD|6212|BMB|05|12|2|001|100|BA|Profiling UMKM - KPPN Unit|00||0|0
2026|01|527521|015|08|CD|6212|FAC|05|12|2|001|100|AA|Training Modul Aplikasi SAKTI - KPPN Induk|00||0|0
2026|01|527521|015|08|CD|6212|FAC|05|12|2|001|100|AB|FGD dan Bimtek Transfer Keuangan Daerah - KPPN Induk|00||0|0
2026|01|527521|015|08|CD|6212|FAC|05|12|2|001|100|BA|Training Modul Aplikasi SAKTI - KPPN Unit|00||0|0
2026|01|527521|015|08|CD|6212|FAC|05|12|2|001|100|BB|FGD dan Bimtek Transfer Keuangan Daerah - KPPN Unit|00||0|0
2026|01|527521|015|08|CD|6212|FAH|05|12|2|001|100|AA|TANPA SUB KOMPONEN - KPPN Induk|00||0|0
2026|01|527521|015|08|CD|6212|FAH|05|12|2|001|100|BA|TANPA SUB KOMPONEN - KPPN Unit|00||0|0
2026|01|527521|015|08|CD|6212|FAL|05|12|2|004|100|AA|Konsultasi - KPPN Induk|00||0|0
2026|01|527521|015|08|CD|6212|FAL|05|12|2|004|100|AB|Sosialisasi dan Bimbingan Teknis - KPPN Induk|00||0|0
2026|01|527521|015|08|CD|6212|FAL|05|12|2|004|100|AD|Pembinaan Pemda, TKD, dan Penandatanganan BA Rekonsiliasi Pajak - KPPN Induk|00||0|0
2026|01|527521|015|08|CD|6212|FAL|05|12|2|004|100|BA|Konsultasi - KPPN Unit|00||0|0
2026|01|527521|015|08|CD|6212|FAL|05|12|2|004|100|BB|Sosialisasi dan Bimbingan Teknis - KPPN Unit|00||0|0
2026|01|527521|015|08|CD|6212|FAL|05|12|2|004|100|BD|Pembinaan Pemda, TKD, dan Penandatanganan BA Rekonsiliasi Pajak - KPPN Unit|00||0|0
2026|01|527521|015|08|CD|6213|FAC|05|12|2|001|100|AA|Pembinaan Jabatan Fungsional Perbendaharaan - KPPN Induk|00||0|0
2026|01|527521|015|08|CD|6213|FAC|05|12|2|001|100|BA|Pembinaan Jabatan Fungsional Perbendaharaan - KPPN Unit|00||0|0
2026|01|527521|015|08|CD|6213|FAE|05|12|2|009|100|AA|Monev Penyaluran Pembiayaan Ultra Mikro - KPPN Induk|00||0|0
2026|01|527521|015|08|CD|6213|FAE|05|12|2|009|100|BA|Monev Penyaluran Pembiayaan Ultra Mikro - KPPN Unit|00||0|0
2026|01|527521|015|08|CD|6213|FAL|05|12|2|003|100|AA|Monev Pelaksanaan Anggaran - KPPN Induk|00||0|0
2026|01|527521|015|08|CD|6213|FAL|05|12|2|003|100|BA|Monev Pelaksanaan Anggaran - KPPN Unit|00||0|0
2026|01|527521|015|08|CD|6214|FAL|05|12|2|002|100|AA|Pelaksanaan Pencairan/Penarikan/Pengesahan Dana - KPPN Induk|00||0|0
2026|01|527521|015|08|CD|6214|FAL|05|12|2|002|100|AB|Penerbitan/Persetujuan/Rekonsiliasi Rekening/SKPP/Konfirmasi Penerimaan Negara, dll - KPPN Induk|00||0|0
2026|01|527521|015|08|CD|6214|FAL|05|12|2|002|100|BA|Pelaksanaan Pencairan/Penarikan/Pengesahan Dana - KPPN Unit|00||0|0
2026|01|527521|015|08|CD|6214|FAL|05|12|2|002|100|BB|Penerbitan/Persetujuan/Rekonsiliasi Rekening/SKPP/Konfirmasi Penerimaan Negara, dll - KPPN Unit|00||0|0
2026|01|527521|015|08|CD|6215|FAH|05|12|2|003|100|AA|Penyusunan Laporan Keuangan Tingkat Kuasa BUN di Daerah - KPPN Induk|00||0|0
2026|01|527521|015|08|CD|6215|FAH|05|12|2|003|100|AB|Koordinasi UAKBUN-D KPPN di Wilayah - KPPN Induk|00||0|0
2026|01|527521|015|08|CD|6215|FAH|05|12|2|003|100|BA|Penyusunan Laporan Keuangan Tingkat Kuasa BUN di Daerah - KPPN Unit|00||0|0
2026|01|527521|015|08|CD|6215|FAH|05|12|2|003|100|BB|Koordinasi UAKBUN-D KPPN di Wilayah - KPPN Unit|00||0|0
2026|01|527521|015|08|WA|4715|EBA|05|12|2|001|100|AA|TANPA SUB KOMPONEN - KPPN Induk|00||0|0
2026|01|527521|015|08|WA|4715|EBA|05|12|2|001|100|AB|Koordinasi Penyusunan ATK PU - KPPN Induk|00||0|0
2026|01|527521|015|08|WA|4715|EBA|05|12|2|001|100|BA|TANPA SUB KOMPONEN - KPPN Unit|00||0|0
2026|01|527521|015|08|WA|4715|EBA|05|12|2|001|100|BB|Koordinasi Penyusunan ATK PU - KPPN Unit|00||0|0
2026|01|527521|015|08|WA|4715|EBA|05|12|2|994|002|AA|Keperluan Sehari-hari Perkantoran - KPPN Induk|00||0|0
2026|01|527521|015|08|WA|4715|EBA|05|12|2|994|002|AB|Langganan Daya dan Jasa - KPPN Induk|00||0|0
2026|01|527521|015|08|WA|4715|EBA|05|12|2|994|002|AC|Pelaksanaan Operasional Kantor - KPPN Induk|00||0|0
2026|01|527521|015|08|WA|4715|EBA|05|12|2|994|002|AD|Pemeliharaan Peralatan dan Mesin - KPPN Induk|00||0|0
2026|01|527521|015|08|WA|4715|EBA|05|12|2|994|002|AE|Pemeliharaan Gedung dan Bangunan - KPPN Induk|00||0|0
2026|01|527521|015|08|WA|4715|EBA|05|12|2|994|002|BA|Keperluan Sehari-hari Perkantoran - KPPN Unit|00||0|0
2026|01|527521|015|08|WA|4715|EBA|05|12|2|994|002|BC|Pelaksanaan Operasional Kantor - KPPN Unit|00||0|0
2026|01|527521|015|08|WA|4715|EBA|05|12|2|994|002|BD|Pemeliharaan Peralatan dan Mesin - KPPN Unit|00||0|0
2026|01|527521|015|08|WA|4715|EBA|05|12|2|994|002|TJ|Jasa Pemeliharaan/ Annual Technical Support (ATS)|00||0|0
2026|01|527521|015|08|WA|4715|EBA|05|12|2|002|100|AA|TANPA SUB KOMPONEN - KPPN Induk|00||0|0
2026|01|527521|015|08|WA|4715|EBA|05|12|2|002|100|AB|Monitoring Pejabat/Petugas Pengelola Keuangan - KPPN Induk|00||0|0
2026|01|527521|015|08|WA|4715|EBA|05|12|2|002|100|BA|Monitoring Pejabat/Petugas Pengelola Keuangan - KPPN Unit|00||0|0
2026|01|527521|015|08|WA|4715|EBD|05|12|2|Z36|100|AB|Pelaksanaan Manajemen Kinerja, Resiko dan Kepatuhan Internal - KPPN Induk|00||0|0
2026|01|527521|015|08|WA|4715|EBD|05|12|2|Z36|100|BB|Pelaksanaan Manajemen Kinerja, Resiko dan Kepatuhan Internal - KPPN Unit|00||0|0
2026|01|527521|015|08|WA|4718|BMB|05|12|2|002|100|AA|TANPA SUB KOMPONEN - KPPN Induk|00||0|0
2026|01|527521|015|08|WA|4718|BMB|05|12|2|002|100|BA|TANPA SUB KOMPONEN - KPPN Unit|00||0|0
2026|01|527521|015|08|WA|4718|BMB|05|12|2|001|100|AA|TANPA SUB KOMPONEN - KPPN Induk|00||0|0
2026|01|527521|015|08|WA|4718|BMB|05|12|2|001|100|BA|TANPA SUB KOMPONEN - KPPN Unit|00||0|0
2026|01|527521|015|08|WA|4719|EBA|05|12|2|994|001|AA|TANPA SUB KOMPONEN - KPPN Induk|00||0|0
2026|01|527521|015|08|WA|4719|EBA|05|12|2|994|001|BA|TANPA SUB KOMPONEN - KPPN Unit|00||0|0
2026|01|527521|015|08|WA|4719|EBA|05|12|2|004|100|AA|Survey Kepuasan Pengguna Layanan - KPPN Induk|00||0|0
2026|01|527521|015|08|WA|4719|EBA|05|12|2|004|100|BA|Survey Kepuasan Pengguna Layanan - KPPN Unit|00||0|0
2026|01|527521|015|08|WA|4719|EBC|05|12|2|001|100|XC|Penyelenggaraan Capacity Building|00||0|0
2026|01|527268|015|08|CD|6212|BMB|03|51|2|001|100| A|Profiling UMKM|00||0|0
2026|01|527268|015|08|CD|6212|BMB|03|51|2|001|100| B|Pemberdayaan UMKM - Sosialisasi/Bimtek/Asistensi dan Bazar/Pojok/Rumah UMKM|00||0|0
2026|01|527268|015|08|CD|6212|BMB|03|51|2|001|100| C|Monitoring dan Evaluasi|00||0|0
2026|01|527268|015|08|CD|6212|BMB|03|51|2|001|100| D|Komunikasi Publik - Bazar/Pojok/Rumah UMKM|00||0|0
2026|01|527268|015|08|CD|6212|FAC|03|51|2|002|100| A|Pembinaan Satker BLU|00||0|0
2026|01|527268|015|08|CD|6212|FAC|03|51|2|002|100| B|Asistensi / Pembinaan Pengelolaan Keuangan BLU Daerah|00||0|0
2026|01|527268|015|08|CD|6212|FAH|03|51|2|003|100| A|Pendampingan Penyusunan dan Penyelesaian Permasalahan Laporan Keuangan UAPPA-W dan BLU|00||0|0
2026|01|527268|015|08|CD|6212|FAH|03|51|2|003|100| B|Sosialisasi dan Bimbingan Teknis UAPPA-W|00||0|0
2026|01|527268|015|08|CD|6212|FAH|03|51|2|002|100| A|Forum Koordinasi dan Rekonsiliasi Data dengan Bank Indonesia|00||0|0
2026|01|527268|015|08|CD|6212|FAH|03|51|2|002|100| B|Pembinaan SAP pada Pemerintah Daerah|00||0|0
2026|01|527268|015|08|CD|6212|FAH|03|51|2|002|100| C|Sosialisasi/Bimtek/Workshop/FGD dengan Pemda|00||0|0
2026|01|527268|015|08|CD|6212|FAL|03|51|2|001|100| A|Sosialisasi Peraturan/Kebijakan Pelaksanaan Anggaran|00||0|0
2026|01|527268|015|08|CD|6212|FAL|03|51|2|001|100| B|Pengkoordinasian Kerjasama Ekonomi dan Keuangan Daerah|00||0|0
2026|01|527268|015|08|CD|6212|FAL|03|51|2|001|100| C|Pembinaan dan Bimtek Pengelolaan Keuangan Daerah|00||0|0
2026|01|527268|015|08|CD|6212|FAL|03|51|2|001|100| D|Penyerahan DIPA|00||0|0
2026|01|527268|015|08|CD|6213|ABA|03|51|2|001|100| A|Penyusunan Analisis Potensi Pembiayaan dan Pelaksanaan MoU DJPb dan PT SMI di Daerah|00||0|0
2026|01|527268|015|08|CD|6213|FAE|03|51|2|009|100| B|Monitoring dan  Evaluasi KUR/Penerusan Pinjaman|00||0|0
2026|01|527268|015|08|CD|6213|FAE|03|51|2|009|100| C|Monev Site Visit Fasilitas Likuiditas Pembiayaan Perumahan (FLPP)|00||0|0
2026|01|527268|015|08|CD|6213|FAE|03|51|2|009|100| D|FGD Analisa Fasilitas Likuiditas Pembiayaan Perumahan (FLPP)|00||0|0
2026|01|527268|015|08|CD|6213|FAE|03|51|2|008|100| A|Koordinasi Pelaksanaan Tugas RCE  ALCo|00||0|0
2026|01|527268|015|08|CD|6213|FAL|03|51|2|003|100| A|Pelaksanaan Spending Review|00||0|0
2026|01|527268|015|08|CD|6213|FAL|03|51|2|003|100| C|Review Pelaksanaan Anggaran|00||0|0
2026|01|527268|015|08|CD|6213|FAL|03|51|2|003|100| D|Monitoring dan Evaluasi Pelaksanaan Anggaran|00||0|0
2026|01|527268|015|08|CD|6213|FAL|03|51|2|003|100| E|Pengumpulan Informasi/Penajaman Data Fiskal Regional/Penyusunan KFR|00||0|0
2026|01|527268|015|08|CD|6213|FAL|03|51|2|003|100| F|Publikasi Kajian Fiskal Regional (Full Cost)|00||0|0
2026|01|527268|015|08|CD|6213|FAL|03|51|2|003|100| G|Pengumpulan Konfirmasi Informasi Pengelolaan Keuangan Daerah dan Penyusunan Profil Keuangan Daerah|00||0|0
2026|01|527268|015|08|CD|6213|FAL|03|51|2|003|100| H|Monitoring atas Dana Transfer dan Dana Desa|00||0|0
2026|01|527268|015|08|CD|6215|FAH|03|51|2|003|100| A|Pembinaan UAKBUN D (KPPN)|00||0|0
2026|01|527268|015|08|CD|6215|FAH|03|51|2|003|100| B|Koordinasi UAKBUN-D (KPPN) (Cross Program)|00||0|0
2026|01|527268|015|08|CD|6215|FAH|03|51|2|001|100| A|Koordinasi Laporan Keuangan Pemerintah Daerah dan/atau BLUD|00||0|0
2026|01|527268|015|08|CD|6215|FAH|03|51|2|001|100| B|Penyusunan Laporan Statistik Keuangan Pemerintah Tingkat Wilayah|00||0|0
2026|01|527268|015|08|CD|6216|FAE|03|51|2|002|100| A|Pelaksanaan Survei Bahan Sumbangan Standar Biaya Masukan|00||0|0
2026|01|527268|015|08|WA|4715|EBA|03|51|2|001|100| A|TANPA SUB KOMPONEN|00||0|0
2026|01|527268|015|08|WA|4715|EBA|03|51|2|001|100| B|KOORDINASI PENYUSUNAN ATK PU|00||0|0
2026|01|527268|015|08|WA|4715|EBA|03|51|2|994|002| A|Keperluan Sehari-hari Perkantoran|00||0|0
2026|01|527268|015|08|WA|4715|EBA|03|51|2|994|002| B|Langganan Daya dan Jasa|00||0|0
2026|01|527268|015|08|WA|4715|EBA|03|51|2|994|002| C|Pelaksanaan Operasional Kantor|00||0|0
2026|01|527268|015|08|WA|4715|EBA|03|51|2|994|002| D|Pemeliharaan Peralatan dan Mesin|00||0|0
2026|01|527268|015|08|WA|4715|EBA|03|51|2|994|002| E|Pemeliharaan Gedung dan Bangunan|00||0|0
2026|01|527268|015|08|WA|4715|EBA|03|51|2|994|002|TJ|Jasa Pemeliharaan/Annual Technical Support (ATS)|00||0|0
2026|01|527268|015|08|WA|4715|EBA|03|51|2|002|100| A|TANPA SUB KOMPONEN|00||0|0
2026|01|527268|015|08|WA|4715|EBB|03|51|2|004|100|RA|Pembangunan Rumah Dinas|00||0|0
2026|01|527268|015|08|WA|4715|EBD|03|51|2|Z36|100| A|TANPA SUB KOMPONEN|00||0|0
2026|01|527268|015|08|WA|4715|EBD|03|51|2|Z26|100| A|Rakor Penyusunan Laporan Keuangan Tingkat UAPPA-W (Full Cost)|00||0|0
2026|01|527268|015|08|WA|4718|BMB|03|51|2|002|100| A|TANPA SUB KOMPONEN|00||0|0
2026|01|527268|015|08|WA|4718|BMB|03|51|2|001|100| A|TANPA SUB KOMPONEN|00||0|0
2026|01|527268|015|08|WA|4719|EBA|03|51|2|003|100| A|Pelaksanaan Supervisi Proses Bisnis KPPN|00||0|0
2026|01|527268|015|08|WA|4719|EBA|03|51|2|003|100| B|Koordinasi Inovasi layanan|00||0|0
2026|01|527268|015|08|WA|4719|EBA|03|51|2|994|001| A|TANPA SUB KOMPONEN|00||0|0
2026|01|527268|015|08|WA|4719|EBA|03|51|2|005|100| A|Monitoring dan Evaluasi Implementasi ISO|00||0|0
2026|01|527268|015|08|WA|4719|EBA|03|51|2|005|100| B|Pelaksanaan Supervisi Teknis Aplikasi|00||0|0
2026|01|527268|015|08|WA|4719|EBC|03|51|2|001|100|XC|Penyelenggaraan Capacity Building|00||0|0
2026|01|527268|015|08|WA|4722|EBD|03|51|2|001|100| A|Pelaksanaan Manajemen Resiko dan Kepatuhan Internal|00||0|0
2026|01|527268|015|08|WA|4722|EBD|03|51|2|001|100| B|Pemantauan Kode Etik dan Kepatuhan Pegawai|00||0|0
2026|01|527322|015|08|CD|6212|BMB|03|09|2|001|100| A|Profiling UMKM|00||0|0
2026|01|527322|015|08|CD|6212|FAC|03|09|2|001|100| A|Training Modul Aplikasi SAKTI|00||0|0
2026|01|527322|015|08|CD|6212|FAC|03|09|2|001|100| B|FGD dan Bimtek Transfer Keuangan Daerah|00||0|0
2026|01|527322|015|08|CD|6212|FAH|03|09|2|001|100| A|TANPA SUB KOMPONEN|00||0|0
2026|01|527322|015|08|CD|6212|FAL|03|09|2|004|100| A|Konsultasi|00||0|0
2026|01|527322|015|08|CD|6212|FAL|03|09|2|004|100| B|Sosialisasi dan Bimbingan Teknis|00||0|0
2026|01|527322|015|08|CD|6212|FAL|03|09|2|004|100| D|Pembinaan Pemda, TKD, dan Penandatanganan BAR|00||0|0
2026|01|527322|015|08|CD|6213|FAC|03|09|2|001|100| A|Pembinaan Jabatan Fungsional Perbendaharaan|00||0|0
2026|01|527322|015|08|CD|6213|FAE|03|09|2|009|100| A|Monev Penyaluran Pembiayaan Ultra Mikro|00||0|0
2026|01|527322|015|08|CD|6213|FAL|03|09|2|003|100| A|Monev Pelaksanaan Anggaran|00||0|0
2026|01|527322|015|08|CD|6214|FAL|03|09|2|002|100| A|Pelaksanaan Pencairan/Penarikan/Pengesahan Dana|00||0|0
2026|01|527322|015|08|CD|6214|FAL|03|09|2|002|100| B|Penerbitan/Persetujuan/Rekonsiliasi Rekening/SKPP/Konfirmasi Penerimaan Negara, dll|00||0|0
2026|01|527322|015|08|CD|6215|FAH|03|09|2|003|100| A|Penyusunan Laporan Keuangan Tingkat Kuasa BUN di Daerah|00||0|0
2026|01|527322|015|08|CD|6215|FAH|03|09|2|003|100| B|Koordinasi UAKBUN-D KPPN di Kanwil|00||0|0
2026|01|527322|015|08|WA|4715|EBA|03|09|2|001|100| A|TANPA SUB KOMPONEN|00||0|0
2026|01|527322|015|08|WA|4715|EBA|03|09|2|001|100| B|KOORDINASI PENYUSUNAN ATK PU|00||0|0
2026|01|527322|015|08|WA|4715|EBA|03|09|2|994|002| A|Keperluan Sehari-hari Perkantoran|00||0|0
2026|01|527322|015|08|WA|4715|EBA|03|09|2|994|002| B|Langganan Daya dan Jasa|00||0|0
2026|01|527322|015|08|WA|4715|EBA|03|09|2|994|002| C|Pelaksanaan Operasional Kantor|00||0|0
2026|01|527322|015|08|WA|4715|EBA|03|09|2|994|002| D|Pemeliharaan Peralatan dan Mesin|00||0|0
2026|01|527322|015|08|WA|4715|EBA|03|09|2|994|002| G|Pemeliharaan Gedung dan Bangunan|00||0|0
2026|01|527322|015|08|WA|4715|EBA|03|09|2|994|002|TJ|Jasa Pemeliharaan/Annual Technical Support (ATS)|00||0|0
2026|01|527322|015|08|WA|4715|EBA|03|09|2|002|100| A|TANPA SUB KOMPONEN|00||0|0
2026|01|527322|015|08|WA|4715|EBD|03|09|2|Z36|100| B|Pelaksanaan Manajemen Kinerja, Resiko dan Kepatuhan Internal|00||0|0
2026|01|527322|015|08|WA|4718|BMB|03|09|2|002|100| A|TANPA SUB KOMPONEN|00||0|0
2026|01|527322|015|08|WA|4718|BMB|03|09|2|001|100| A|TANPA SUB KOMPONEN|00||0|0
2026|01|527322|015|08|WA|4719|EBA|03|09|2|994|001| A|TANPA SUB KOMPONEN|00||0|0
2026|01|527322|015|08|WA|4719|EBA|03|09|2|004|100| A|Survey Kepuasan Pengguna Layanan|00||0|0
2026|01|527322|015|08|WA|4719|EBC|03|09|2|001|100|XC|Penyelenggaraan Capacity Building|00||0|0
2026|01|527713|015|08|CD|6212|BMB|07|56|2|001|100| A|Profiling UMKM|00||0|0
2026|01|527713|015|08|CD|6212|FAC|07|56|2|001|100| A|Training Modul Aplikasi SAKTI|00||0|0
2026|01|527713|015|08|CD|6212|FAC|07|56|2|001|100| B|FGD dan Bimtek Transfer Keuangan Daerah|00||0|0
2026|01|527713|015|08|CD|6212|FAH|07|56|2|001|100| A|TANPA SUB KOMPONEN|00||0|0
2026|01|527713|015|08|CD|6212|FAL|07|56|2|004|100| A|Konsultasi|00||0|0
2026|01|527713|015|08|CD|6212|FAL|07|56|2|004|100| B|Sosialisasi dan Bimbingan Teknis|00||0|0
2026|01|527713|015|08|CD|6212|FAL|07|56|2|004|100| D|Pembinaan Pemda, TKD, dan Penandatanganan BA Rekonsiliasi Pajak|00||0|0
2026|01|527713|015|08|CD|6213|FAC|07|56|2|001|100| A|Pembinaan Jabatan Fungsional Perbendaharaan|00||0|0
2026|01|527713|015|08|CD|6213|FAE|07|56|2|009|100| A|Monev Penyaluran Pembiayaan Ultra Mikro|00||0|0
2026|01|527713|015|08|CD|6213|FAL|07|56|2|003|100| A|Monev Pelaksanaan Anggaran|00||0|0
2026|01|527713|015|08|CD|6214|FAL|07|56|2|002|100| A|Pelaksanaan Pencairan/Penarikan/Pengesahan Dana|00||0|0
2026|01|527713|015|08|CD|6214|FAL|07|56|2|002|100| B|Penerbitan/Persetujuan/Rekonsiliasi Rekening/SKPP/Konfirmasi Penerimaan Negara, dll|00||0|0
2026|01|527713|015|08|CD|6215|FAH|07|56|2|003|100| A|Penyusunan Laporan Keuangan Tingkat Kuasa BUN di Daerah|00||0|0
2026|01|527713|015|08|CD|6215|FAH|07|56|2|003|100| B|Koordinasi UAKBUN-D KPPN di Kanwil|00||0|0
2026|01|527713|015|08|WA|4715|EBA|07|56|2|001|100| A|TANPA SUB KOMPONEN|00||0|0
2026|01|527713|015|08|WA|4715|EBA|07|56|2|001|100| B|Koordinasi Penyusunan ATK PU|00||0|0
2026|01|527713|015|08|WA|4715|EBA|07|56|2|994|002| A|Keperluan Sehari-hari Perkantoran|00||0|0
2026|01|527713|015|08|WA|4715|EBA|07|56|2|994|002| B|Langganan Daya dan Jasa|00||0|0
2026|01|527713|015|08|WA|4715|EBA|07|56|2|994|002| C|Pelaksanaan Operasional Kantor|00||0|0
2026|01|527713|015|08|WA|4715|EBA|07|56|2|994|002| D|Pemeliharaan Peralatan dan Mesin|00||0|0
2026|01|527713|015|08|WA|4715|EBA|07|56|2|994|002| G|Pemeliharaan Gedung dan Bangunan|00||0|0
2026|01|527713|015|08|WA|4715|EBA|07|56|2|994|002|TJ|Jasa Pemeliharaan/Annual Technical Support (ATS)|00||0|0
2026|01|527713|015|08|WA|4715|EBA|07|56|2|002|100| A|TANPA SUB KOMPONEN|00||0|0
2026|01|527713|015|08|WA|4715|EBD|07|56|2|Z36|100| B|Pelaksanaan Manajemen Kinerja, Resiko dan Kepatuhan Internal|00||0|0
2026|01|527713|015|08|WA|4718|BMB|07|56|2|002|100| A|TANPA SUB KOMPONEN|00||0|0
2026|01|527713|015|08|WA|4718|BMB|07|56|2|001|100| A|TANPA SUB KOMPONEN|00||0|0
2026|01|527713|015|08|WA|4719|EBA|07|56|2|994|001| A|TANPA SUB KOMPONEN|00||0|0
2026|01|527713|015|08|WA|4719|EBA|07|56|2|004|100| A|Survei Kepuasan Pengguna Layanan|00||0|0
2026|01|527713|015|08|WA|4719|EBC|07|56|2|001|100|XC|Penyelenggaraan Capacity Building|00||0|0
2026|01|528722|015|08|CD|6212|BMB|33|51|2|001|100| A|Profiling UMKM|00||0|0
2026|01|528722|015|08|CD|6212|FAC|33|51|2|001|100| A|Training Modul Aplikasi SAKTI|00||0|0
2026|01|528722|015|08|CD|6212|FAC|33|51|2|001|100| B|FGD dan Bimtek Transfer Keuangan Daerah|00||0|0
2026|01|528722|015|08|CD|6212|FAH|33|51|2|001|100| A|TANPA SUB KOMPONEN|00||0|0
2026|01|528722|015|08|CD|6212|FAL|33|51|2|004|100| A|Konsultasi|00||0|0
2026|01|528722|015|08|CD|6212|FAL|33|51|2|004|100| B|Sosialisasi dan Bimbingan Teknis|00||0|0
2026|01|528722|015|08|CD|6212|FAL|33|51|2|004|100| D|Pembinaan Pemda, TKD, dan Penandatanganan BAR|00||0|0
2026|01|528722|015|08|CD|6213|FAC|33|51|2|001|100| A|Pembinaan Jabatan Fungsional Perbendaharaan|00||0|0
2026|01|528722|015|08|CD|6213|FAE|33|51|2|009|100| A|Monev Penyaluran Pembiayaan Ultra Mikro|00||0|0
2026|01|528722|015|08|CD|6213|FAL|33|51|2|003|100| A|Monev Pelaksanaan Anggaran|00||0|0
2026|01|528722|015|08|CD|6214|FAL|33|51|2|002|100| A|Pelaksanaan Pencairan/Penarikan/Pengesahan Dana|00||0|0
2026|01|528722|015|08|CD|6214|FAL|33|51|2|002|100| B|Penerbitan/Persetujuan/Rekonsiliasi Rekening/SKPP/Konfirmasi Penerimaan Negara, dll|00||0|0
2026|01|528722|015|08|CD|6215|FAH|33|51|2|003|100| A|Penyusunan Laporan Keuangan Tingkat Kuasa BUN di Daerah|00||0|0
2026|01|528722|015|08|CD|6215|FAH|33|51|2|003|100| B|Koordinasi UAKBUN-D KPPN di Kanwil (Cross Program)|00||0|0
2026|01|528722|015|08|WA|4715|EBA|33|51|2|001|100| A|TANPA SUB KOMPONEN|00||0|0
2026|01|528722|015|08|WA|4715|EBA|33|51|2|001|100| B|Koordinasi Penyusunan ATK PU|00||0|0
2026|01|528722|015|08|WA|4715|EBA|33|51|2|994|002| A|Keperluan Sehari-hari Perkantoran|00||0|0
2026|01|528722|015|08|WA|4715|EBA|33|51|2|994|002| B|Langganan Daya dan Jasa|00||0|0
2026|01|528722|015|08|WA|4715|EBA|33|51|2|994|002| C|Pelaksanaan Operasional Kantor|00||0|0
2026|01|528722|015|08|WA|4715|EBA|33|51|2|994|002| D|Pemeliharaan Peralatan dan Mesin|00||0|0
2026|01|528722|015|08|WA|4715|EBA|33|51|2|994|002| G|Pemeliharaan Gedung dan Bangunan|00||0|0
2026|01|528722|015|08|WA|4715|EBA|33|51|2|994|002|TJ|Jasa Pemeliharaan/Annual Technical Support (ATS)|00||0|0
2026|01|528722|015|08|WA|4715|EBA|33|51|2|002|100| A|TANPA SUB KOMPONEN|00||0|0
2026|01|528722|015|08|WA|4715|EBD|33|51|2|Z36|100| B|Pelaksanaan Manajemen Kinerja, Resiko dan Kepatuhan Internal|00||0|0
2026|01|528722|015|08|WA|4718|BMB|33|51|2|002|100| A|TANPA SUB KOMPONEN|00||0|0
2026|01|528722|015|08|WA|4718|BMB|33|51|2|001|100| A|TANPA SUB KOMPONEN|00||0|0
2026|01|528722|015|08|WA|4719|EBA|33|51|2|994|001| A|TANPA SUB KOMPONEN|00||0|0
2026|01|528722|015|08|WA|4719|EBA|33|51|2|004|100| A|Survey Kepuasan Pengguna Layanan|00||0|0
2026|01|528722|015|08|WA|4719|EBC|33|51|2|001|100|XC|Penyelenggaraan Capacity Building|00||0|0
2026|01|528722|015|08|WA|6990|ABA|33|51|2|001|100|YA|Monitoring Dana Otsus ke Pemda Prov. Papua Barat Daya|00||0|0
2026|01|528544|015|08|CD|6212|BMB|22|51|2|001|100| A|Profiling UMKM|00||0|0
2026|01|528544|015|08|CD|6212|BMB|22|51|2|001|100| B|Pemberdayaan UMKM - Sosialisasi/Bimtek/Asistensi dan Bazar/Pojok/Rumah UMKM|00||0|0
2026|01|528544|015|08|CD|6212|BMB|22|51|2|001|100| C|Monitoring dan Evaluasi|00||0|0
2026|01|528544|015|08|CD|6212|BMB|22|51|2|001|100| D|Komunikasi Publik - Bazar/Pojok/Rumah UMKM|00||0|0
2026|01|528544|015|08|CD|6212|FAC|22|51|2|002|100| A|Pembinaan Satker BLU|00||0|0
2026|01|528544|015|08|CD|6212|FAC|22|51|2|002|100| B|Asistensi / Pembinaan Pengelolaan Keuangan BLU Daerah|00||0|0
2026|01|528544|015|08|CD|6212|FAH|22|51|2|003|100| A|Pendampingan Penyusunan dan Penyelesaian Permasalahan Laporan Keuangan UAPPA-W dan BLU|00||0|0
2026|01|528544|015|08|CD|6212|FAH|22|51|2|003|100| B|Sosialisasi dan Bimbingan Teknis UAPPA-W|00||0|0
2026|01|528544|015|08|CD|6212|FAH|22|51|2|002|100| A|Forum Koordinasi dan Rekonsiliasi Data dengan Bank Indonesia|00||0|0
2026|01|528544|015|08|CD|6212|FAH|22|51|2|002|100| B|Pembinaan SAP pada Pemerintah Daerah|00||0|0
2026|01|528544|015|08|CD|6212|FAH|22|51|2|002|100| C|Sosialisasi/Bimtek/Workshop/FGD dengan Pemda|00||0|0
2026|01|528544|015|08|CD|6212|FAL|22|51|2|001|100| A|Sosialisasi Peraturan/Kebijakan Pelaksanaan Anggaran|00||0|0
2026|01|528544|015|08|CD|6212|FAL|22|51|2|001|100| B|Pengkoordinasian Kerjasama Ekonomi dan Keuangan Daerah|00||0|0
2026|01|528544|015|08|CD|6212|FAL|22|51|2|001|100| C|Pembinaan dan Bimtek Pengelolaan Keuangan Daerah|00||0|0
2026|01|528544|015|08|CD|6212|FAL|22|51|2|001|100| D|Penyerahan DIPA|00||0|0
2026|01|528544|015|08|CD|6213|ABA|22|51|2|001|100| A|Penyusunan Analisis Potensi Pembiayaan dan Pelaksanaan MoU DJPb dan PT SMI di Daerah|00||0|0
2026|01|528544|015|08|CD|6213|FAE|22|51|2|009|100| B|Monitoring dan Evaluasi KUR/Penerusan Pinjaman|00||0|0
2026|01|528544|015|08|CD|6213|FAE|22|51|2|009|100| C|Monev Site Visit Fasilitas Likuiditas Pembiayaan Perumahan (FLPP)|00||0|0
2026|01|528544|015|08|CD|6213|FAE|22|51|2|009|100| D|FGD Analisa Fasilitas Likuiditas Pembiayaan Perumahan (FLPP)|00||0|0
2026|01|528544|015|08|CD|6213|FAE|22|51|2|008|100| A|Koordinasi Pelaksanaan Tugas RCE  ALCo|00||0|0
2026|01|528544|015|08|CD|6213|FAL|22|51|2|003|100| A|Pelaksanaan Spending Review|00||0|0
2026|01|528544|015|08|CD|6213|FAL|22|51|2|003|100| C|Review Pelaksanaan Anggaran|00||0|0
2026|01|528544|015|08|CD|6213|FAL|22|51|2|003|100| D|Monitoring dan Evaluasi Pelaksanaan Anggaran|00||0|0
2026|01|528544|015|08|CD|6213|FAL|22|51|2|003|100| E|Pengumpulan Informasi/Penajaman Data Fiskal Regional/Penyusunan KFR|00||0|0
2026|01|528544|015|08|CD|6213|FAL|22|51|2|003|100| F|Publikasi Kajian Fiskal Regional|00||0|0
2026|01|528544|015|08|CD|6213|FAL|22|51|2|003|100| G|Pengumpulan Konfirmasi Informasi Pengelolaan Keuangan Daerah dan Penyusunan Profil Keuangan Daerah|00||0|0
2026|01|528544|015|08|CD|6213|FAL|22|51|2|003|100| H|Monitoring atas Dana Transfer dan Dana Desa|00||0|0
2026|01|528544|015|08|CD|6215|FAH|22|51|2|003|100| A|Pembinaan UAKBUN D (KPPN)|00||0|0
2026|01|528544|015|08|CD|6215|FAH|22|51|2|003|100| B|Koordinasi UAKBUN-D (KPPN)|00||0|0
2026|01|528544|015|08|CD|6215|FAH|22|51|2|001|100| A|Koordinasi Laporan Keuangan Pemerintah Daerah dan/atau BLUD|00||0|0
2026|01|528544|015|08|CD|6215|FAH|22|51|2|001|100| B|Penyusunan Laporan Statistik Keuangan Pemerintah Tingkat Wilayah|00||0|0
2026|01|528544|015|08|CD|6216|FAE|22|51|2|002|100| A|Pelaksanaan Survei Bahan Sumbangan Standar Biaya Masukan|00||0|0
2026|01|528544|015|08|WA|4715|EBA|22|51|2|001|100| A|TANPA SUB KOMPONEN|00||0|0
2026|01|528544|015|08|WA|4715|EBA|22|51|2|001|100| B|Koordinasi Penyusunan ATK PU|00||0|0
2026|01|528544|015|08|WA|4715|EBA|22|51|2|994|002| A|Keperluan Sehari-hari Perkantoran|00||0|0
2026|01|528544|015|08|WA|4715|EBA|22|51|2|994|002| B|Langganan Daya dan Jasa|00||0|0
2026|01|528544|015|08|WA|4715|EBA|22|51|2|994|002| C|Pelaksanaan Operasional Kantor|00||0|0
2026|01|528544|015|08|WA|4715|EBA|22|51|2|994|002| D|Pemeliharaan Peralatan dan Mesin|00||0|0
2026|01|528544|015|08|WA|4715|EBA|22|51|2|994|002| G|Pemeliharaan Gedung dan Bangunan|00||0|0
2026|01|528544|015|08|WA|4715|EBA|22|51|2|994|002|TJ|Jasa Pemeliharaan/Annual Technical Support (ATS)|00||0|0
2026|01|528544|015|08|WA|4715|EBA|22|51|2|002|100| A|TANPA SUB KOMPONEN|00||0|0
2026|01|528544|015|08|WA|4715|EBD|22|51|2|Z36|100| A|TANPA SUB KOMPONEN|00||0|0
2026|01|528544|015|08|WA|4715|EBD|22|51|2|Z26|100| A|Rakor Penyusunan Laporan Keuangan Tingkat UAPPA-W|00||0|0
2026|01|528544|015|08|WA|4718|BMB|22|51|2|002|100| A|TANPA SUB KOMPONEN|00||0|0
2026|01|528544|015|08|WA|4718|BMB|22|51|2|001|100| A|TANPA SUB KOMPONEN|00||0|0
2026|01|528544|015|08|WA|4719|EBA|22|51|2|994|001| A|TANPA SUB KOMPONEN|00||0|0
2026|01|528544|015|08|WA|4719|EBA|22|51|2|005|100| A|Monitoring dan Evaluasi Implementasi ISO|00||0|0
2026|01|528544|015|08|WA|4719|EBA|22|51|2|005|100| B|Pelaksanaan Supervisi Teknis Aplikasi|00||0|0
2026|01|528544|015|08|WA|4719|EBA|22|51|2|003|100| A|Pelaksanaan Supervisi Proses Bisnis KPPN|00||0|0
2026|01|528544|015|08|WA|4719|EBA|22|51|2|003|100| B|Koordinasi Inovasi layanan|00||0|0
2026|01|528544|015|08|WA|4719|EBC|22|51|2|001|100|XC|Penyelenggaraan Capacity Building|00||0|0
2026|01|528544|015|08|WA|4722|EBD|22|51|2|001|100| A|Pelaksanaan Manajemen Resiko dan Kepatuhan Internal|00||0|0
2026|01|528544|015|08|WA|4722|EBD|22|51|2|001|100| B|Pemantauan Kode Etik dan Kepatuhan Pegawai|00||0|0
2026|01|528750|015|08|CD|6212|BMB|25|10|2|001|100| A|Profiling UMKM|00||0|0
2026|01|528750|015|08|CD|6212|FAC|25|10|2|001|100| A|Training Modul Aplikasi SAKTI|00||0|0
2026|01|528750|015|08|CD|6212|FAC|25|10|2|001|100| B|FGD dan Bimtek Transfer Keuangan Daerah|00||0|0
2026|01|528750|015|08|CD|6212|FAH|25|10|2|001|100| A|TANPA SUB KOMPONEN|00||0|0
2026|01|528750|015|08|CD|6212|FAL|25|10|2|004|100| A|Konsultasi|00||0|0
2026|01|528750|015|08|CD|6212|FAL|25|10|2|004|100| B|Sosialisasi dan Bimbingan Teknis|00||0|0
2026|01|528750|015|08|CD|6212|FAL|25|10|2|004|100| D|Pembinaan Pemda, TKD, dan Penandatanganan BAR|00||0|0
2026|01|528750|015|08|CD|6213|FAC|25|10|2|001|100| A|Pembinaan Jabatan Fungsional Perbendaharaan|00||0|0
2026|01|528750|015|08|CD|6213|FAE|25|10|2|009|100| A|Monev Penyaluran Pembiayaan Ultra Mikro|00||0|0
2026|01|528750|015|08|CD|6213|FAL|25|10|2|003|100| A|Monev Pelaksanaan Anggaran|00||0|0
2026|01|528750|015|08|CD|6214|FAL|25|10|2|002|100| A|Pelaksanaan Pencairan/Penarikan/Pengesahan Dana|00||0|0
2026|01|528750|015|08|CD|6214|FAL|25|10|2|002|100| B|Penerbitan/Persetujuan/Rekonsiliasi Rekening/SKPP/Konfirmasi Penerimaan Negara, dll|00||0|0
2026|01|528750|015|08|CD|6215|FAH|25|10|2|003|100| A|Penyusunan Laporan Keuangan Tingkat Kuasa BUN di Daerah|00||0|0
2026|01|528750|015|08|CD|6215|FAH|25|10|2|003|100| B|Koordinasi UAKBUN-D KPPN di Kanwil|00||0|0
2026|01|528750|015|08|WA|4715|EBA|25|10|2|002|100| A|TANPA SUB KOMPONEN|00||0|0
2026|01|528750|015|08|WA|4715|EBA|25|10|2|001|100| A|TANPA SUB KOMPONEN|00||0|0
2026|01|528750|015|08|WA|4715|EBA|25|10|2|001|100| B|Koordinasi Penyusunan ATK PU|00||0|0
2026|01|528750|015|08|WA|4715|EBA|25|10|2|994|002| A|Keperluan Sehari-hari Perkantoran|00||0|0
2026|01|528750|015|08|WA|4715|EBA|25|10|2|994|002| B|Langganan Daya dan Jasa|00||0|0
2026|01|528750|015|08|WA|4715|EBA|25|10|2|994|002| C|Pelaksanaan Operasional Kantor|00||0|0
2026|01|528750|015|08|WA|4715|EBA|25|10|2|994|002| D|Pemeliharaan Peralatan dan Mesin|00||0|0
2026|01|528750|015|08|WA|4715|EBA|25|10|2|994|002| G|Pemeliharaan Gedung dan Bangunan|00||0|0
2026|01|528750|015|08|WA|4715|EBA|25|10|2|994|002|TJ|Jasa Pemeliharaan/Annual Technical Support (ATS)|00||0|0
2026|01|528750|015|08|WA|4715|EBB|25|10|2|004|100|GB|Pembangunan Gedung / Renovasi Kantor|00||0|0
2026|01|528750|015|08|WA|4715|EBB|25|10|2|004|100|RA|Pembangunan Rumah Dinas|00||0|0
2026|01|528750|015|08|WA|4715|EBD|25|10|2|Z36|100| B|Pelaksanaan Manajemen Kinerja, Resiko dan Kepatuhan Internal|00||0|0
2026|01|528750|015|08|WA|4718|BMB|25|10|2|002|100| A|TANPA SUB KOMPONEN|00||0|0
2026|01|528750|015|08|WA|4718|BMB|25|10|2|001|100| A|TANPA SUB KOMPONEN|00||0|0
2026|01|528750|015|08|WA|4719|EBA|25|10|2|994|001| A|TANPA SUB KOMPONEN|00||0|0
2026|01|528750|015|08|WA|4719|EBA|25|10|2|004|100| A|Survey Kepuasan Pengguna Layanan|00||0|0
2026|01|528750|015|08|WA|4719|EBC|25|10|2|001|100|XC|Penyelenggaraan Capacity Building|00||0|0
2026|01|528750|015|08|WA|6990|ABA|25|10|2|001|100|UA|Monitoring Dana Otsus ke Pemda Prov. Papua Tengah|00||0|0
2026|01|527776|015|08|CD|6212|BMB|08|55|2|001|100| A|Profiling UMKM|00||0|0
2026|01|527776|015|08|CD|6212|BMB|08|55|2|001|100| B|Pemberdayaan UMKM - Sosialisasi/Bimtek/Asistensi dan Bazar/Pojok/Rumah UMKM|00||0|0
2026|01|527776|015|08|CD|6212|BMB|08|55|2|001|100| C|Monitoring dan Evaluasi|00||0|0
2026|01|527776|015|08|CD|6212|BMB|08|55|2|001|100| D|Komunikasi Publik - Bazar/Pojok/Rumah UMKM|00||0|0
2026|01|527776|015|08|CD|6212|FAC|08|55|2|002|100| A|Pembinaan Satker BLU|00||0|0
2026|01|527776|015|08|CD|6212|FAC|08|55|2|002|100| B|Asistensi / Pembinaan Pengelolaan Keuangan BLU Daerah|00||0|0
2026|01|527776|015|08|CD|6212|FAH|08|55|2|003|100| A|Pendampingan Penyusunan dan Penyelesaian Permasalahan Laporan Keuangan UAPPA-W dan BLU|00||0|0
2026|01|527776|015|08|CD|6212|FAH|08|55|2|003|100| B|Sosialisasi dan Bimbingan Teknis UAPPA-W|00||0|0
2026|01|527776|015|08|CD|6212|FAH|08|55|2|002|100| A|Forum Koordinasi dan Rekonsiliasi Data dengan Bank Indonesia|00||0|0
2026|01|527776|015|08|CD|6212|FAH|08|55|2|002|100| B|Pembinaan SAP pada Pemerintah Daerah|00||0|0
2026|01|527776|015|08|CD|6212|FAH|08|55|2|002|100| C|Sosialisasi/Bimtek/Workshop/FGD dengan Pemda|00||0|0
2026|01|527776|015|08|CD|6212|FAL|08|55|2|001|100| A|Sosialisasi Peraturan/Kebijakan Pelaksanaan Anggaran|00||0|0
2026|01|527776|015|08|CD|6212|FAL|08|55|2|001|100| B|Pengkoordinasian Kerjasama Ekonomi dan Keuangan Daerah|00||0|0
2026|01|527776|015|08|CD|6212|FAL|08|55|2|001|100| C|Pembinaan dan Bimtek Pengelolaan Keuangan Daerah|00||0|0
2026|01|527776|015|08|CD|6212|FAL|08|55|2|001|100| D|Penyerahan DIPA|00||0|0
2026|01|527776|015|08|CD|6213|ABA|08|55|2|001|100| A|Penyusunan Analisis Potensi Pembiayaan dan Pelaksanaan MoU DJPb dan PT SMI di Daerah|00||0|0
2026|01|527776|015|08|CD|6213|FAE|08|55|2|009|100| B|Monitoring dan  Evaluasi KUR/Penerusan Pinjaman|00||0|0
2026|01|527776|015|08|CD|6213|FAE|08|55|2|009|100| C|Monev Site Visit Fasilitas Likuiditas Pembiayaan Perumahan (FLPP)|00||0|0
2026|01|527776|015|08|CD|6213|FAE|08|55|2|009|100| D|FGD Analisa Fasilitas Likuiditas Pembiayaan Perumahan (FLPP)|00||0|0
2026|01|527776|015|08|CD|6213|FAE|08|55|2|008|100| A|Koordinasi Pelaksanaan Tugas RCE  ALCo|00||0|0
2026|01|527776|015|08|CD|6213|FAL|08|55|2|003|100| A|Pelaksanaan Spending Review|00||0|0
2026|01|527776|015|08|CD|6213|FAL|08|55|2|003|100| C|Review Pelaksanaan Anggaran|00||0|0
2026|01|527776|015|08|CD|6213|FAL|08|55|2|003|100| D|Monitoring dan Evaluasi Pelaksanaan Anggaran|00||0|0
2026|01|527776|015|08|CD|6213|FAL|08|55|2|003|100| E|Pengumpulan Informasi/Penajaman Data Fiskal Regional/Penyusunan KFR|00||0|0
2026|01|527776|015|08|CD|6213|FAL|08|55|2|003|100| F|Publikasi Kajian Fiskal Regional (Full Cost)|00||0|0
2026|01|527776|015|08|CD|6213|FAL|08|55|2|003|100| G|Pengumpulan Konfirmasi Informasi Pengelolaan Keuangan Daerah dan Penyusunan Profil Keuangan Daerah|00||0|0
2026|01|527776|015|08|CD|6213|FAL|08|55|2|003|100| H|Monitoring atas Dana Transfer dan Dana Desa|00||0|0
2026|01|527776|015|08|CD|6215|FAH|08|55|2|003|100| A|Pembinaan UAKBUN D (KPPN)|00||0|0
2026|01|527776|015|08|CD|6215|FAH|08|55|2|003|100| B|Koordinasi UAKBUN-D (KPPN)|00||0|0
2026|01|527776|015|08|CD|6215|FAH|08|55|2|001|100| A|Koordinasi Laporan Keuangan Pemerintah Daerah dan/atau BLUD|00||0|0
2026|01|527776|015|08|CD|6215|FAH|08|55|2|001|100| B|Penyusunan Laporan Statistik Keuangan Pemerintah Tingkat Wilayah|00||0|0
2026|01|527776|015|08|CD|6216|FAE|08|55|2|002|100| A|Pelaksanaan Survei Bahan Sumbangan Standar Biaya Masukan|00||0|0
2026|01|527776|015|08|WA|4715|EBA|08|55|2|001|100| A|TANPA SUB KOMPONEN|00||0|0
2026|01|527776|015|08|WA|4715|EBA|08|55|2|001|100| B|Koordinasi Penyusunan ATK PU|00||0|0
2026|01|527776|015|08|WA|4715|EBA|08|55|2|994|002| A|Keperluan Sehari-hari Perkantoran|00||0|0
2026|01|527776|015|08|WA|4715|EBA|08|55|2|994|002| B|Langganan Daya dan Jasa|00||0|0
2026|01|527776|015|08|WA|4715|EBA|08|55|2|994|002| C|Pelaksanaan Operasional Kantor|00||0|0
2026|01|527776|015|08|WA|4715|EBA|08|55|2|994|002| D|Pemeliharaan Peralatan dan Mesin|00||0|0
2026|01|527776|015|08|WA|4715|EBA|08|55|2|994|002| G|Pemeliharaan Gedung dan Bangunan|00||0|0
2026|01|527776|015|08|WA|4715|EBA|08|55|2|994|002|TJ|Jasa Pemeliharaan/ Annual Technical Support (ATS)|00||0|0
2026|01|527776|015|08|WA|4715|EBA|08|55|2|002|100| A|TANPA SUB KOMPONEN|00||0|0
2026|01|527776|015|08|WA|4715|EBD|08|55|2|Z36|100| A|TANPA SUB KOMPONEN|00||0|0
2026|01|527776|015|08|WA|4715|EBD|08|55|2|Z26|100| A|Rakor Penyusunan Laporan Keuangan Tingkat UAPPA-W (Full Cost)|00||0|0
2026|01|527776|015|08|WA|4718|BMB|08|55|2|002|100| A|TANPA SUB KOMPONEN|00||0|0
2026|01|527776|015|08|WA|4718|BMB|08|55|2|001|100| A|TANPA SUB KOMPONEN|00||0|0
2026|01|527776|015|08|WA|4719|EBA|08|55|2|003|100| A|Pelaksanaan Supervisi Proses Bisnis KPPN|00||0|0
2026|01|527776|015|08|WA|4719|EBA|08|55|2|003|100| B|Koordinasi Inovasi layanan|00||0|0
2026|01|527776|015|08|WA|4719|EBA|08|55|2|994|001| A|TANPA SUB KOMPONEN|00||0|0
2026|01|527776|015|08|WA|4719|EBA|08|55|2|005|100| A|Monitoring dan Evaluasi Implementasi ISO|00||0|0
2026|01|527776|015|08|WA|4719|EBA|08|55|2|005|100| B|Pelaksanaan Supervisi Teknis Aplikasi|00||0|0
2026|01|527776|015|08|WA|4719|EBC|08|55|2|001|100|XC|Penyelenggaraan Capacity Building|00||0|0
2026|01|527776|015|08|WA|4722|EBD|08|55|2|001|100| A|Pelaksanaan Manajemen Resiko dan Kepatuhan Internal|00||0|0
2026|01|527776|015|08|WA|4722|EBD|08|55|2|001|100| B|Pemantauan Kode Etik dan Kepatuhan Pegawai|00||0|0
2026|01|527010|015|08|CD|6212|AEF|01|51|1|001|100|JA|PB.60 - Sosialisasi, Workshop dan ToT Standar Akuntansi Pemerintah (SAP)|00||0|0
2026|01|527010|015|08|CD|6212|AEF|01|51|1|001|100|JB|PB.60 - Penyelenggaraan Helpdesk Standar Akuntansi Pemerintah|00||0|0
2026|01|527010|015|08|CD|6212|AEF|01|51|1|001|100|JC|PB.60 - Forum Akuntansi Pemerintah Pusat|00||0|0
2026|01|527010|015|08|CD|6212|AEF|01|51|1|001|100|JD|PB.60 - Publikasi LKPP, LKBUN dan LKPP Berbahasa Inggris Audited Tahun 2024|00||0|0
2026|01|527010|015|08|CD|6212|AEF|01|51|1|005|100|HA|PB.40 - Penyelenggaraaan Sosialisasi Early Warning System pada BUMN/PT|00||0|0
2026|01|527010|015|08|CD|6212|AEF|01|51|1|005|100|HB|PB.40 - Workshop Investasi BUMN/PT|00||0|0
2026|01|527010|015|08|CD|6212|AEF|01|51|1|005|100|HC|PB.40 - Bimbingan Teknis Pemanfaatan Early Warning System BUMN/PT|00||0|0
2026|01|527010|015|08|CD|6212|AEF|01|51|1|004|100|HA|PB.40 - Penyelenggaraaan Sosialisasi  Peraturan, Keputusan dan Perjanjian|00||0|0
2026|01|527010|015|08|CD|6212|AEF|01|51|1|004|100|HB|PB.40 - FGD Investasi/pembiayaan Daerah dan Penerusan Pinjaman Pemda/BUMD|00||0|0
2026|01|527010|015|08|CD|6212|AEF|01|51|1|004|100|HC|PB.40 - Workshop Pengelolaan Risiko dan Pembinaan Terkait Investasi Pemerintah|00||0|0
2026|01|527010|015|08|CD|6212|AEF|01|51|1|004|100|HD|PB.40 - Investasi Pemerintah|00||0|0
2026|01|527010|015|08|CD|6212|AEF|01|51|1|004|100|HE|PB.40 - Workshop Pengelolaan Kredit Program|00||0|0
2026|01|527010|015|08|CD|6212|AEF|01|51|1|004|100|HF|PB.40 - Penyusunan Materi Untuk Pemberian Layanan Publikasi, Penyediaan Data dan Informasi|00||0|0
2026|01|527010|015|08|CD|6212|AEF|01|51|1|004|100|HG|PB.40 - Bimbingan Teknis Pemanfaatan Sistem Informasi Kredit Program|00||0|0
2026|01|527010|015|08|CD|6212|AEF|01|51|1|002|100|PA|PB.70 - Sosialisasi Peraturan Terkait Jabatan Fungsional Bidang Perbendaharaan|00||0|0
2026|01|527010|015|08|CD|6212|FAC|01|51|1|001|100|LA|PB.80 - Komunikasi Implementasi Aplikasi - Direktorat SITP|00||0|0
2026|01|527010|015|08|CD|6212|FAC|01|51|1|003|100|IA|PB.50 - FGD/Sosialisasi/Edukasi Satker BLU - Direktorat Pembinaan PK BLU|00||0|0
2026|01|527010|015|08|CD|6212|FAC|01|51|1|003|100|IB|PB.50 - Asistensi dan Pembinaan BLU dan BLUD  - Direktorat Pembinaan PK BLU|00||0|0
2026|01|527010|015|08|CD|6212|FAC|01|51|1|008|100|PA|PB.70 - Pelaksanaan Sertifikasi Kompetensi PPK, PPSPM dan Bendahara|00||0|0
2026|01|527010|015|08|CD|6212|FAC|01|51|1|008|100|PB|PB.70 - Pelaksanaan Penilaian Kinerja Jabatan Fungsional Bidang Perbendaharaan|00||0|0
2026|01|527010|015|08|CD|6212|FAC|01|51|1|008|100|PC|PB.70 - Pembinaan Unit Pembina Jabatan Fungsional Bidang Perbendaharaan K/L|00||0|0
2026|01|527010|015|08|CD|6212|FAC|01|51|1|005|100|FA|PB.20 - Pengelolaan Penyaluran DAK Fisik, Dana BOS, dan Dana Desa|00||0|0
2026|01|527010|015|08|CD|6212|FAC|01|51|1|007|100|IA|PB.50 - Collecting dan Evaluasi Data Analytical BLU- Direktorat Pembinaan PK BLU|00||0|0
2026|01|527010|015|08|CD|6212|FAC|01|51|1|004|100|IA|PB.50 - Refreshment Operasionalisasi Aplikasi BiOS PK BLU - Direktorat Pembinaan PK BLU|00||0|0
2026|01|527010|015|08|CD|6212|FAH|01|51|1|001|100|JA|PB.60 - Pembinaan Penyusunan Laporan Keuangan Kuasa BUN TA 2024|00||0|0
2026|01|527010|015|08|CD|6212|FAH|01|51|1|003|100|JA|PB.60 - Penyuluhan Penyusunan Laporan Keuangan K/L dan BUN TA 2024 Level Operator|00||0|0
2026|01|527010|015|08|CD|6212|FAH|01|51|1|003|100|JB|PB.60 - Sosialisasi Peraturan dan Sistem Aplikasi Terbaru|00||0|0
2026|01|527010|015|08|CD|6212|FAH|01|51|1|003|100|JC|PB.60 - Pembinaan Penyusunan Laporan Keuangan K/L (LK-K/L) TA 2024|00||0|0
2026|01|527010|015|08|CD|6212|FAH|01|51|1|002|100|JA|PB.60 - Forum Group Discussion, Diseminasi serta Bimbingan Teknis GFS kepada Pihak Internal dan Eksternal DJPb|00||0|0
2026|01|527010|015|08|CD|6212|FAL|01|51|1|002|100|OB|PB.30 - Analisis Meeting Oleh Chief Economist Perbankan dan Perusahaan Sekuritas dan FGD Risk And  Portfolio Management|00||0|0
2026|01|527010|015|08|CD|6212|FAL|01|51|1|002|100|OC|PB.30 - Workshop, FGD dan Sosialisasi  Pengelolaan Kas Negara|00||0|0
2026|01|527010|015|08|CD|6212|FAL|01|51|1|002|100|OD|PB.30 - Sosialisasi dan Monev Pengelolaan Kas Negara, Perkiraan Pencairan Dana Harian dan Schedule Payment Date|00||0|0
2026|01|527010|015|08|CD|6212|FAL|01|51|1|002|100|OE|PB.30 - Bimbingan Teknis dan Sosialisasi terkait Pengelolaan Kas Negara|00||0|0
2026|01|527010|015|08|CD|6212|FAL|01|51|1|002|100|OF|PB.30 - Seminar, Workshop, Magang, Undangan Perbankan/BI dalam rangka peningkatan kapasitas SDM Dealer TDR|00||0|0
2026|01|527010|015|08|CD|6212|FAL|01|51|1|002|100|OG|PB.30 - Knowledge Sharing Program: Active Cash Management|00||0|0
2026|01|527010|015|08|CD|6212|FAL|01|51|1|002|100|OH|PB.30 - Pembinaan Bendahara Instansi Pada Kanwil dan KPPN|00||0|0
2026|01|527010|015|08|CD|6212|FAL|01|51|1|002|100|OJ|PB.30 - Monev terkait Sistem Penyetoran Pajak Ke Kas Negara yang Terintegrasi Pencairan Dana Belanja Daerah|00||0|0
2026|01|527010|015|08|CD|6212|FAN|01|51|1|ZZ1|ZZ1|CA|PB.13 - Pemenuhan Prioritas Direktif Presiden|42||0|0
2026|01|527010|015|08|CD|6212|UAL|01|51|1|208|100|OE|PB.30 - Workshop, FGD, dan Sosialisasi terkait Penggunaan Digital Payment - Marketplace|00||0|0
2026|01|527010|015|08|CD|6213|FAE|01|51|1|001|100|MA|PB.TP - Penyusunan Kajian Bidang Perbendaharaan|00||0|0
2026|01|527010|015|08|CD|6213|FAE|01|51|1|001|100|OB|PB.30 - Rapat Koordinasi Pinjaman dan Hibah|00||0|0
2026|01|527010|015|08|CD|6213|FAE|01|51|1|001|100|OD|PB.30 - Monitoring dan evaluasi Implementasi Teasury Billing System|00||0|0
2026|01|527010|015|08|CD|6213|FAE|01|51|1|002|100|PA|PB.70 - Penyusunan Rekomendasi Program Pembayaran Jaminan Sosial|00||0|0
2026|01|527010|015|08|CD|6213|FAE|01|51|1|002|100|PB|PB.70 - Monitoring Implementasi Proses Bisnis pada Ditjen Perbendaharaan|00||0|0
2026|01|527010|015|08|CD|6213|FAE|01|51|1|009|100|HA|PB.40 - Monitoring dan Evaluasi terkait Kredit Program|00||0|0
2026|01|527010|015|08|CD|6213|FAE|01|51|1|009|100|HB|PB.40 - Monitoring dan Evaluasi Penyaluran Pinjaman|00||0|0
2026|01|527010|015|08|CD|6213|FAE|01|51|1|004|100|OA|PB.30 - Monitoring dan Evaluasi Kemitraan BUMPUN dan Counterparty Pengelolaan SBN|00||0|0
2026|01|527010|015|08|CD|6213|FAE|01|51|1|004|100|OB|PB.30 - Monitoring dan Evaluasi Perjanjian Kerjasama dengan Perbankan|00||0|0
2026|01|527010|015|08|CD|6213|FAE|01|51|1|003|100|IA|PB.50 - Monitoring dan Evaluasi Kinerja dan Layanan - Direktorat Pembinaan PK BLU|00||0|0
2026|01|527010|015|08|CD|6213|FAE|01|51|1|003|100|IB|PB.50 - Pengembangan Fungsi serta Monitoring dan Evaluasi Aplikasi BiOS PK BLU  - Direktorat Pembinaan PK BLU|00||0|0
2026|01|527010|015|08|CD|6213|FAE|01|51|1|003|100|IC|PB.50 - Survey Pengguna Layanan Satker PK BLU - Direktorat Pembinaan PK BLU|00||0|0
2026|01|527010|015|08|CD|6213|FAE|01|51|1|003|100|ID|PB.50 - Uji Petik serta Monitoring dan Evaluasi Tarif  Satker PK BLU  - Direktorat Pembinaan PK BLU|00||0|0
2026|01|527010|015|08|CD|6213|FAE|01|51|1|003|100|IE|PB.50 - Monitoring dan Evaluasi Maturity Rating Satker PK BLU - Direktorat Pembinaan PK BLU|00||0|0
2026|01|527010|015|08|CD|6213|FAE|01|51|1|003|100|IF|PB.50 - Monitoring dan Evaluasi Pemberdayaan UMKM Lingkup DJPB|00||0|0
2026|01|527010|015|08|CD|6213|FAE|01|51|1|003|100|MA|PB.TP - Penyusunan Kajian Bidang Perbendaharaan|00||0|0
2026|01|527010|015|08|CD|6213|FAH|01|51|1|001|100|JA|PB.60 - Monitoring Implementasi Standar Akuntansi Pemerintah (SAP)|00||0|0
2026|01|527010|015|08|CD|6213|FAH|01|51|1|001|100|JB|PB.60 - Monitoring Tindak Lanjut Pemerintah terhadap Temuan Pemeriksaan BPK atas LKPP|00||0|0
2026|01|527010|015|08|CD|6213|FAL|01|51|1|003|100|CA|PB.13 - Pelaksanaan Kajian Fiskal Regional di Daerah|00||0|0
2026|01|527010|015|08|CD|6213|FAL|01|51|1|003|100|FA|PB.20 - Spending Review|00||0|0
2026|01|527010|015|08|CD|6213|FAL|01|51|1|003|100|FB|PB.20 - Kajian Fiskal Regional|00||0|0
2026|01|527010|015|08|CD|6213|FAL|01|51|1|003|100|FC|PB.20 - Reviu Pelaksanaan Anggaran|00||0|0
2026|01|527010|015|08|CD|6214|AED|01|51|1|002|100|HA|PB.40 - Penyusunan Perjanjian Terkait Investasi Pemerintah|00||0|0
2026|01|527010|015|08|CD|6214|FAE|01|51|1|001|100|HA|PB.40 - Penyusunan Kajian Terkait Investasi Pemerintah|00||0|0
2026|01|527010|015|08|CD|6214|FAE|01|51|1|001|100|HB|PB.40 - Penerusan Pinjaman Kepada BUMN/BHL/BLU|00||0|0
2026|01|527010|015|08|CD|6214|FAE|01|51|1|001|100|HC|PB.40 - Penyelesaian Piutang Negara Terkait Investasi Pemerintah|00||0|0
2026|01|527010|015|08|CD|6214|FAE|01|51|1|001|100|HD|PB.40 - Pengelolaan Kinerja Investasi|00||0|0
2026|01|527010|015|08|CD|6214|FAE|01|51|1|001|100|HE|PB.40 - Riset dan Pengembangan Kebijakan Investasi Pemerintah|00||0|0
2026|01|527010|015|08|CD|6214|FAE|01|51|1|001|100|HF|PB.40 - Pengelolaan Pembiayaan Kepada Pemda/BUMD|00||0|0
2026|01|527010|015|08|CD|6214|FAE|01|51|1|001|100|MA|PB.TP - Penyusunan Kajian Bidang Perbendaharaan|00||0|0
2026|01|527010|015|08|CD|6214|FAL|01|51|1|003|100|OA|PB.30 - Rapat Dalam Rangka Perencanaan dan Optimalisasi Kas Pemerintah|00||0|0
2026|01|527010|015|08|CD|6214|FAL|01|51|1|003|100|OD|PB.30 - Pembahasan dan Penyelesaian Pengelolaan Kas Negara|00||0|0
2026|01|527010|015|08|CD|6214|UAE|01|51|1|203|100|HA|PB.40 - Peningkatan Kapasitas Kelembagaan, Proses Bisnis, dan layanan PIP untuk implementasi skema baru  Pembiayaan UMi|00||0|0
2026|01|527010|015|08|CD|6214|UAE|01|51|1|203|100|HB|PB.40 - Monitoring dan Evaluasi skema baru Pembiayaan UMi|00||0|0
2026|01|527010|015|08|CD|6214|UAE|01|51|1|203|100|HC|PB.40 - Peningkatan Kapasitas SDM untuk implementasi skema baru Pembiayaan UMi|00||0|0
2026|01|527010|015|08|CD|6214|UAE|01|51|1|203|100|HD|PB.40 - Peningkatan Kapasitas IT untuk implementasi pelaksanaan monev pembiayaan UMKM|00||0|0
2026|01|527010|015|08|CD|6215|FAH|01|51|1|001|100|JA|PB.60 - Government Finance Statistic (GFS)|00||0|0
2026|01|527010|015|08|CD|6215|FAH|01|51|1|005|100|HA|PB.40 - Konsolidasi Laporan Pelaksanaan Investasi Pemerintah|00||0|0
2026|01|527010|015|08|CD|6215|FAH|01|51|1|005|100|HB|PB.40 - Tindak Lanjut Temuan dan Rekomendasi BPK RI|00||0|0
2026|01|527010|015|08|CD|6215|FAH|01|51|1|004|100|JA|PB.60 - Laporan Keuangan Pemerintah Pusat TA 2024|00||0|0
2026|01|527010|015|08|CD|6215|FAH|01|51|1|004|100|JB|PB.60 - Laporan Keuangan Pemerintah Pusat Semester I TA 2025|00||0|0
2026|01|527010|015|08|CD|6215|FAH|01|51|1|004|100|JC|PB.60 - Analisis Fiskal dan Makro Ekonomi LKPP|00||0|0
2026|01|527010|015|08|CD|6215|FAH|01|51|1|003|100|JA|PB.60 - Laporan Keuangan BUN TA 2024|00||0|0
2026|01|527010|015|08|CD|6215|FAH|01|51|1|003|100|JB|PB.60 - Laporan Keuangan BUN Semester I TA 2025|00||0|0
2026|01|527010|015|08|CD|6215|FAH|01|51|1|003|100|OA|PB.30 - Penyusunan LK SiAP (BA 999.00) dan LK SATK PKN (BA 999.99) serta Buku Merah|00||0|0
2026|01|527010|015|08|CD|6215|FAH|01|51|1|003|100|OB|PB.30 - Penyusunan UAR dan UAT Sistem Aplikasi Penunjang Layanan (OMSPAN)|00||0|0
2026|01|527010|015|08|CD|6216|AAA|01|51|1|A01|100|JA|PB.60 - Penyusunan RUU PP APBN TA 2024|00||0|0
2026|01|527010|015|08|CD|6216|AAA|01|51|1|A01|100|JB|PB.60 - Tim Pembahasan Rancangan Undang-Undang tentang Pertanggungjawaban atas Pelaksanaan APBN|00||0|0
2026|01|527010|015|08|CD|6216|AAC|01|51|1|B01|100|PA|PB.70 - Penyempurnaan Peraturan Terkait Pelaksanaan Anggaran|00||0|0
2026|01|527010|015|08|CD|6216|AAG|01|51|1|D01|100|IA|PB.50 - Penetapan Satker PK BLU|00||0|0
2026|01|527010|015|08|CD|6216|AAG|01|51|1|D01|100|IB|PB.50 - Penetapan Tarif Layanan dan Remunerasi Satker PK BLU|00||0|0
2026|01|527010|015|08|CD|6216|AAG|01|51|1|E02|100|HA|PB.40 - Penyusunan Peraturan dan Keputusan (termasuk kegiatan persiapan)|00||0|0
2026|01|527010|015|08|CD|6216|AAG|01|51|1|E01|100|FA|PB.20 - Peraturan Menteri Mengenai Pembayaran Atas Beban APBN|00||0|0
2026|01|527010|015|08|CD|6216|AAH|01|51|1|F01|100|JA|PB.60 - Penyusunan Buku Panduan Teknis dan Analisis Laporan Keuangan|00||0|0
2026|01|527010|015|08|CD|6216|AAH|01|51|1|F01|100|JB|PB.60 - Pengembangan SAPP|00||0|0
2026|01|527010|015|08|CD|6216|AAH|01|51|1|F01|100|JC|PB.60 - Penyusunan Peraturan SAPP|00||0|0
2026|01|527010|015|08|CD|6216|AAH|01|51|1|F04|100|IA|PB.50 - Sinkronisasi dan Harmonisasi Peraturan PK BLU - Direktorat Pembinaan PK BLU|00||0|0
2026|01|527010|015|08|CD|6216|AAH|01|51|1|F04|100|IB|PB.50 - Penyusunan Peraturan dan Pedoman Teknis PK BLU - Direktorat Pembinaan PK BLU|00||0|0
2026|01|527010|015|08|CD|6216|AAH|01|51|1|F03|100|OB|PB.30 - Penyusunan Peraturan dan Petunjuk Teknis Terkait dengan Peningkatan Pengelolaan Kas Negara|00||0|0
2026|01|527010|015|08|CD|6216|AAH|01|51|1|F02|100|PA|PB.70 - Peraturan Lainnya Mengenai Pembayaran Atas Beban APBN|00||0|0
2026|01|527010|015|08|CD|6216|FAE|01|51|1|001|100|OA|PB.30 - Penyusunan Masukan Pemerintah terkait Pencetakan Uang oleh Bank Indonesia|00||0|0
2026|01|527010|015|08|CD|6216|FAE|01|51|1|004|100|OA|PB.30 - Pengelolaan Rekening Pemerintah|00||0|0
2026|01|527010|015|08|CD|6216|FAE|01|51|1|003|100|JA|PB.60 - Penyusunan Kajian Standar Akuntansi Pemerintahan Dit. APK|00||0|0
2026|01|527010|015|08|CD|6216|FAE|01|51|1|003|100|PA|PB.70 - Rekomendasi atas Implementasi Peraturan dan Perbaikan Peraturan|00||0|0
2026|01|527010|015|08|CD|6216|FAE|01|51|1|003|100|PB|PB.70 - Evaluasi Peraturan Perbendaharaan|00||0|0
2026|01|527010|015|08|CD|6216|FAE|01|51|1|003|100|PC|PB.70 - Tindak Lanjut atas Evaluasi Implementasi Peraturan, dan Penyelesaian Permasalahan terkait Sistem Perbendaharaan|00||0|0
2026|01|527010|015|08|CD|6216|FAE|01|51|1|003|100|PD|PB.70 - Penelitian dan Pengembangan Sistem Pembayaran dan Pengelolaan Liquiditas|00||0|0
2026|01|527010|015|08|CD|6216|FAE|01|51|1|003|100|PE|PB.70 - Sinkronisasi Kerjasama Kelembagaan|00||0|0
2026|01|527010|015|08|CD|6216|FAE|01|51|1|003|100|PF|PB.70 - Kerjasama dengan Kementerian/Lembaga|00||0|0
2026|01|527010|015|08|CD|6216|FAE|01|51|1|003|100|PG|PB.70 - Penelitian dan Pengembangan Sistem Penerimaan, dan Pelaporan|00||0|0
2026|01|527010|015|08|CD|6216|FAE|01|51|1|003|100|PH|PB.70 - Penelitian dan Pengembangan Misi Khusus Perbendaharaan|00||0|0
2026|01|527010|015|08|CD|6216|FAE|01|51|1|003|100|PI|PB.70 - FGD/Seminar Hukum keuangan Negara|00||0|0
2026|01|527010|015|08|CD|6216|FAE|01|51|1|003|100|PJ|PB.70 - Penyusunan Tata Kelola Implementasi, Pelaksanaan Manajemen Perubahan dan Komunikasi Transformasi Kelembagaan|00||0|0
2026|01|527010|015|08|WA|4711|EBA|01|51|1|Z04|100|EA|PB.15 - Penanganan Permasalahan Hukum non Keuangan Negara oleh Bagian KI|00||0|0
2026|01|527010|015|08|WA|4711|EBA|01|51|1|Z04|100|PA|PB.70 - Pelaksanaan Bantuan Penanganan Masalah Hukum, Pendampingan, Pemberian Keterangan Ahli, pembelajaran Hukum, Koordinasi dan Kegiatan Terkait Lainnya|00||0|0
2026|01|527010|015|08|WA|4715|EBA|01|51|1|001|100|BA|PB.12 - Implementasi Administrasi Kepegawaian Bagian SDM|00||0|0
2026|01|527010|015|08|WA|4715|EBA|01|51|1|001|100|DA|PB.14 - Pengelolaan Rumah Tangga Bagian Umum|00||0|0
2026|01|527010|015|08|WA|4715|EBA|01|51|1|001|100|HA|PB.40 - Pengelolaan Ketatausahaan Direktorat Sistem Manajemen Investasi|00||0|0
2026|01|527010|015|08|WA|4715|EBA|01|51|1|001|100|IA|PB.50 - Pengelolaan Keatausahaan - Direktorat Pembinaan PK BLU|00||0|0
2026|01|527010|015|08|WA|4715|EBA|01|51|1|001|100|JA|PB.60 - Pengelolaan Ketatausahaan Direktorat APK|00||0|0
2026|01|527010|015|08|WA|4715|EBA|01|51|1|994|002|CA|PB.13 - Honorarium Pengelola Unit Akuntansi Direktorat Jenderal Perbendaharaan|00||0|0
2026|01|527010|015|08|WA|4715|EBA|01|51|1|994|002|CB|PB.13 - Honorarium Operasional Satker PNBP BUN|00||0|0
2026|01|527010|015|08|WA|4715|EBA|01|51|1|994|002|DA|PB.14 - Keperluan Sehari-hari Perkantoran|00||0|0
2026|01|527010|015|08|WA|4715|EBA|01|51|1|994|002|DB|PB.14 - Langganan Daya dan Jasa|00||0|0
2026|01|527010|015|08|WA|4715|EBA|01|51|1|994|002|DC|PB.14 - Honorarium Pengelola Keuangan Satker Kantor Pusat Ditjen Perbendaharaan|00||0|0
2026|01|527010|015|08|WA|4715|EBA|01|51|1|994|002|DD|PB.14 - Pemeliharaan Peralatan dan Mesin|00||0|0
2026|01|527010|015|08|WA|4715|EBA|01|51|1|994|002|DE|PB.14 - Pemeliharaan Gedung/Bangunan Aset Kantor Pusat Ditjen Perbendaharaan|00||0|0
2026|01|527010|015|08|WA|4715|EBA|01|51|1|994|002|HA|PB.40 - Honorarium Pengelola DIPA Penerusan Pinjaman, Subsidi,Transfer  Investasi Pemerintah|00||0|0
2026|01|527010|015|08|WA|4715|EBA|01|51|1|994|002|IA|PB.50 - Dukungan Operasional - Direktorat Pembinaan PK BLU|00||0|0
2026|01|527010|015|08|WA|4715|EBA|01|51|1|994|002|OA|PB.30 - Dukungan Operasional Ketatausahaan Direktorat PKN|00||0|0
2026|01|527010|015|08|WA|4715|EBA|01|51|1|994|002|PA|PB.70 - Honorarium Pengelolaan Keuangan Bagian Anggaran 999.99 Dit. SP|00||0|0
2026|01|527010|015|08|WA|4715|EBA|01|51|1|994|002|TJ|PB.14 - Jasa Pemeliharaan/Annual Technical Support (ATS)|00||0|0
2026|01|527010|015|08|WA|4715|EBA|01|51|1|003|100|DA|PB.14 - Perencanaan, Pelaksanaan, Pembinaan dan Evaluasi Pengadaan Barang dan Jasa|00||0|0
2026|01|527010|015|08|WA|4715|EBA|01|51|1|003|100|DB|PB.14 - Pembinaan Pengelolaan BMN Ditjen Perbendaharaan|00||0|0
2026|01|527010|015|08|WA|4715|EBA|01|51|1|003|100|DC|PB.14 - Penertiban Rumah Negara|00||0|0
2026|01|527010|015|08|WA|4715|EBA|01|51|1|002|100|AA|PB.11 - Sinkronisasi Agenda Strategis dan Monev Tindak Lanjut Kebijakan Pimpinan|00||0|0
2026|01|527010|015|08|WA|4715|EBA|01|51|1|002|100|CA|PB.13 - Dukungan Keprotokoleran Direktur Jenderal Perbendaharaan dan Sekretaris Ditjen Perbendaharaan|00||0|0
2026|01|527010|015|08|WA|4715|EBA|01|51|1|002|100|CB|PB.13 - Dukungan Teknis Pimpinan Lainnya|00||0|0
2026|01|527010|015|08|WA|4715|EBA|01|51|1|002|100|CC|PB.13 - Perumusan dan Monev Tindak Lanjut Kebijakan Terkait Papua|00||0|0
2026|01|527010|015|08|WA|4715|EBA|01|51|1|002|100|CD|PB.13 - Kegiatan Strategis Pimpinan|00||0|0
2026|01|527010|015|08|WA|4715|EBA|01|51|1|002|100|FA|PB.20 - Dukungan Keprotokoleran Perjalanan Dinas Direktur Pelaksanaan Anggaran|00||0|0
2026|01|527010|015|08|WA|4715|EBA|01|51|1|002|100|HA|PB.40 - Dukungan Keprotokoleran Perjalanan Dinas Direktur Sistem Manajemen Investasi|00||0|0
2026|01|527010|015|08|WA|4715|EBA|01|51|1|002|100|IA|PB.50 - Dukungan Keprotokoler Perjalanan Dinas Direktur - Direktorat Pembinaan PK BLU|00||0|0
2026|01|527010|015|08|WA|4715|EBA|01|51|1|002|100|JA|PB.60 - Dukungan Keprotokoleran Perjalanan Dinas Direktur APK|00||0|0
2026|01|527010|015|08|WA|4715|EBA|01|51|1|002|100|LA|PB.80 - Dukungan Keprotokoleran Direktur SITP|00||0|0
2026|01|527010|015|08|WA|4715|EBA|01|51|1|002|100|OA|PB.30 - Dukungan Keprotokoleran Perjalanan Dinas Direktur PKN|00||0|0
2026|01|527010|015|08|WA|4715|EBA|01|51|1|002|100|PA|PB.70 - Dukungan Keprotokoleran Perjalanan Dinas Direktur Sistem Perbendaharaan|00||0|0
2026|01|527010|015|08|WA|4715|EBB|01|51|1|002|100|CA|PB.13 - Peralatan Fasilitas Perkantoran Kantor Vertikal DJPb|00||0|0
2026|01|527010|015|08|WA|4715|EBD|01|51|1|001|100|CA|PB.13 - Baseline|00||0|0
2026|01|527010|015|08|WA|4715|EBD|01|51|1|001|100|CB|PB.13 - Pagu Indikatif|00||0|0
2026|01|527010|015|08|WA|4715|EBD|01|51|1|001|100|CC|PB.13 - Pagu Anggaran|00||0|0
2026|01|527010|015|08|WA|4715|EBD|01|51|1|001|100|CD|PB.13 - Alokasi Anggaran|00||0|0
2026|01|527010|015|08|WA|4715|EBD|01|51|1|001|100|CE|PB.13 - Taskforce Pemenuhan Kebutuhan BMN dan Anggaran|00||0|0
2026|01|527010|015|08|WA|4715|EBD|01|51|1|004|100|CA|PB.13 - Pengelolaan Perbendaharaan|00||0|0
2026|01|527010|015|08|WA|4715|EBD|01|51|1|004|100|CB|PB.13 - Pengelolaan Belanja Pegawai|00||0|0
2026|01|527010|015|08|WA|4715|EBD|01|51|1|004|100|CC|PB.13 - Pengelolaan Aplikasi Pendukung Perbendaharaan|00||0|0
2026|01|527010|015|08|WA|4715|EBD|01|51|1|004|100|CD|PB.13 - Evaluasi Persiapan, Pelaksanaan, Penyusunan Anggaran dan Pelaporan Keuangan|00||0|0
2026|01|527010|015|08|WA|4715|EBD|01|51|1|Z36|100|AA|PB.11 - Perumusan Kebijakan Pengelolaan Kinerja Organisasi|00||0|0
2026|01|527010|015|08|WA|4715|EBD|01|51|1|Z36|100|AB|PB.11 - Internalisasi dan Evaluasi Implementasi Pengelolaan Kinerja Organisasi DJPb|00||0|0
2026|01|527010|015|08|WA|4715|EBD|01|51|1|Z36|100|AC|PB.11 - Perumusan dan Pengukuran Sistem Akuntabilitas Kinerja DJPb|00||0|0
2026|01|527010|015|08|WA|4715|EBD|01|51|1|Z26|100|CA|PB.13 - Laporan Keuangan TA 2025|00||0|0
2026|01|527010|015|08|WA|4715|EBD|01|51|1|Z26|100|CB|PB.13 - Laporan Keuangan Semester I TA 2025|00||0|0
2026|01|527010|015|08|WA|4715|EBD|01|51|1|Z26|100|CC|PB.13 - Laporan Tindak Lanjut Hasil Pengawasan Pemeriksaan|00||0|0
2026|01|527010|015|08|WA|4715|EBD|01|51|1|Z26|100|CD|PB.13 - Konsolidasi Laporan Tingkat K/L|00||0|0
2026|01|527010|015|08|WA|4715|EBD|01|51|1|Z26|100|PA|PB.70 - Perhitungan dan Analisis Realisasi Pembayaran serta Pengelolaan Keuangan dan Sistem Akuntansi Instansi Program Jaminan Sosial, PFK, SiLPA dan Penyelesaian TGR|00||0|0
2026|01|527010|015|08|WA|4715|EBD|01|51|1|974|100|CA|PB.13 - Penataan Arsip|00||0|0
2026|01|527010|015|08|WA|4715|EBD|01|51|1|974|100|DA|PB.14 - Pengelolaan Kearsipan|00||0|0
2026|01|527010|015|08|WA|4715|EBD|01|51|1|974|100|DB|PB.14 - Penataan/Penghapusan Arsip|00||0|0
2026|01|527010|015|08|WA|4718|BMB|01|51|1|001|100|DA|PB.14 - Penyelenggaraan Kegiatan Edukasi Publik|00||0|0
2026|01|527010|015|08|WA|4718|BMB|01|51|1|003|100|AA|PB.11 - Implementasi PUG Ditjen Perbendaharaan|00||0|0
2026|01|527010|015|08|WA|4718|BMB|01|51|1|002|100|QA|PB.16 - Penyelenggaraan Kehumasan|00||0|0
2026|01|527010|015|08|WA|4719|EBA|01|51|1|003|100|AA|PB.11 - Perumusan, Penyempurnaan, dan Monev Proses Bisnis Kantor Vertikal DJPb di Bidang Perbendaharaan (Supervisi Proses Bisnis Kanwil DJPb dan KPPN)|00||0|0
2026|01|527010|015|08|WA|4719|EBA|01|51|1|003|100|AB|PB.11 - Dukungan Transformasi Pola Kerja melalui Intress Office, Integrasi Layanan (FO Layanan Bersama dan Kemenkeu Satu) dan Monev Manajemen Keberlangsungan Bisnis|00||0|0
2026|01|527010|015|08|WA|4719|EBA|01|51|1|003|100|AC|PB.11 - Monev Analisis Beban Kerja dan Simplifikasi Laporan|00||0|0
2026|01|527010|015|08|WA|4719|EBA|01|51|1|003|100|AD|PB.11 - Pengukuran Efektivitas dan Evaluasi Implementasi Renstra DJPb 2025-2029|00||0|0
2026|01|527010|015|08|WA|4719|EBA|01|51|1|003|100|AE|PB.11 - Pengembangan Kajian dan Kebijakan Penataan dan Transformasi Organisasi Instansi Vertikal|00||0|0
2026|01|527010|015|08|WA|4719|EBA|01|51|1|003|100|AF|PB.11 - Pengembangan Kajian dan Kebijakan Penataan dan Transformasi Organisasi Kantor Pusat|00||0|0
2026|01|527010|015|08|WA|4719|EBA|01|51|1|003|100|AG|PB.11 - Monev Kebijakan Pelaksanaan Badan Pengarah Papua (BPP) - DOB|00||0|0
2026|01|527010|015|08|WA|4719|EBA|01|51|1|003|100|AH|PB.11 - Change Management Kebijakan Penataan Organisasi DJPb|00||0|0
2026|01|527010|015|08|WA|4719|EBA|01|51|1|003|100|AI|PB.11 - Pengembangan Kajian dan Kebijakan Terkait Pelayanan DJPb melalui Penajaman CSO dan Treasury Connect|00||0|0
2026|01|527010|015|08|WA|4719|EBA|01|51|1|003|100|AJ|PB.11 - Monev atas Implementasi Regional Chief Economist dan Financial Advisor|00||0|0
2026|01|527010|015|08|WA|4719|EBA|01|51|1|003|100|AK|PB.11 - Dukungan Strategis Pembangunan Ibu Kota Negara (IKN)|00||0|0
2026|01|527010|015|08|WA|4719|EBA|01|51|1|003|100|CA|PB.13 - Pengembangan Kajian dan Kebijakan Keuangan Satker Lingkup Wilayah Papua|00||0|0
2026|01|527010|015|08|WA|4719|EBA|01|51|1|003|100|CB|PB.13 - Rapat Pimpinan Perbendaharaan, Setwapres dan K/L|00||0|0
2026|01|527010|015|08|WA|4719|EBA|01|51|1|003|100|CC|PB.13 - Dukungan Monitoring Pelaksanaan Pokja Papua dan Pemda|00||0|0
2026|01|527010|015|08|WA|4719|EBA|01|51|1|003|100|CD|PB.13 - Konferensi Pimpinan Perbendaharaan|00||0|0
2026|01|527010|015|08|WA|4719|EBA|01|51|1|004|100|AA|PB.11 - Pengukuran Efektivitas Implementasi Regulasi di Bidang Perbendaharaan (Monev SOP, Perdirjen, Kepdirjen dan regulasi lainnya)|00||0|0
2026|01|527010|015|08|WA|4719|EBA|01|51|1|004|100|AB|PB.11 - Pengukuran Kualitas Layanan dan Pembinaan Kantor Vertikal di Tingkat Kementerian Keuangan serta Pengawalan Inovasi Kementerian Keuangan|00||0|0
2026|01|527010|015|08|WA|4719|EBA|01|51|1|004|100|AC|PB.11 - Monev Tata Laksana Layanan Kantor Vertikal, Implementasi layanan berstandar Internasional dan Pengembangan Enterprise Architecture DJPb|00||0|0
2026|01|527010|015|08|WA|4719|EBA|01|51|1|004|100|AD|PB.11 - Monev Tindak Lanjut hasil Survei MOFIN|00||0|0
2026|01|527010|015|08|WA|4719|EBA|01|51|1|994|001|CA|PB.13 - Pembayaran Gaji dan Tunjangan|00||0|0
2026|01|527010|015|08|WA|4719|EBA|01|51|1|994|001|CB|PB.13 - Pembayaran Gaji dan Tunjangan PPPK|00||0|0
2026|01|527010|015|08|WA|4719|EBA|01|51|1|007|100|EA|PB.15 - Implementasi ISO 37001 tentang Sistem Manajemen Anti Penyuapan|00||0|0
2026|01|527010|015|08|WA|4719|EBA|01|51|1|006|100|EA|PB.15 - Pembentukan Clean Governance dan Zona Integritas|00||0|0
2026|01|527010|015|08|WA|4719|EBC|01|51|1|001|100|BA|PB.12 - Perencanaan Strategis Bidang SDM - Bagian SDM|00||0|0
2026|01|527010|015|08|WA|4719|EBC|01|51|1|001|100|BB|PB.12 - Implementasi Manajemen Talenta- Bagian SDM|00||0|0
2026|01|527010|015|08|WA|4719|EBC|01|51|1|001|100|BC|PB.12 - Pengembangan SDM Ditjen Perbendaharaan - Bagian SDM|00||0|0
2026|01|527010|015|08|WA|4719|EBC|01|51|1|001|100|CA|PB.13 - Kesejahteraan Mental Pegawai|00||0|0
2026|01|527010|015|08|WA|4719|EBC|01|51|1|001|100|CB|PB.13 - Tunjangan Hidup Pegawai Tugas Belajar|00||0|0
2026|01|527010|015|08|WA|4719|EBC|01|51|1|001|100|DA|PB.14 - Workshop Pengadaan Barang dan Jasa|00||0|0
2026|01|527010|015|08|WA|4719|EBC|01|51|1|001|100|DB|PB.14 - Workshop Pengelolaan Aset Ditjen Perbendaharaan|00||0|0
2026|01|527010|015|08|WA|4719|EBC|01|51|1|001|100|DC|PB.14 - Pengembangan Kapasitas Kehumasan dan Evaluasi Publikasi|00||0|0
2026|01|527010|015|08|WA|4719|EBC|01|51|1|001|100|DD|PB.14 - Pengembangan Kapasitas Pengelolaan Kearsipan|00||0|0
2026|01|527010|015|08|WA|4719|EBC|01|51|1|001|100|IA|PB.50-Pengembangan Kapasitas SDM Dit. PK BLU - Direktorat Pembinaan PK BLU|00||0|0
2026|01|527010|015|08|WA|4719|EBC|01|51|1|001|100|JA|PB.60 - Peningkatan Kapasitas SDM Direktorat APK|00||0|0
2026|01|527010|015|08|WA|4719|EBC|01|51|1|001|100|OB|PB.30 - Evaluasi Internal Direktorat Pengelolaan Kas Negara|00||0|0
2026|01|527010|015|08|WA|4719|EBC|01|51|1|001|100|OD|PB.30 - Forum Mata Uang dengan Bank Indonesia|00||0|0
2026|01|527010|015|08|WA|4719|EBC|01|51|1|001|100|OE|PB.30 - SIT dan UAT Ulang Sistem Pembayaran Collecting Agent akibat Implementasi Core Tax Administration|00||0|0
2026|01|527010|015|08|WA|4719|EBC|01|51|1|001|100|XB|PB.80 - Pengembangan Kapabilitas SDM TIK|00||0|0
2026|01|527010|015|08|WA|4719|EBC|01|51|1|001|100|XC|PB.12 - Penyelenggaraan Capacity Building|00||0|0
2026|01|527010|015|08|WA|4719|EBC|01|51|1|004|100|AA|PB.11 - Pengembangan Kajian dan Kebijakan Jabatan Fungsional Tertutup Bidang Tugas Perbendaharaan|00||0|0
2026|01|527010|015|08|WA|4719|EBC|01|51|1|004|100|BA|PB.12 - Pengelolaan Jabatan Fungsional Tertutup DJPb- Bagian SDM|00||0|0
2026|01|527010|015|08|WA|4719|EBC|01|51|1|003|100|BA|PB.12 - Implementasi Administrasi Kepegawaian Bagian SDM|00||0|0
2026|01|527010|015|08|WA|4719|EBC|01|51|1|003|100|BB|PB.12 - Penetapan Jabatan dan Peringkat, Mutasi serta Penilaian Kinerja Pegawai - Bagian SDM|00||0|0
2026|01|527010|015|08|WA|4719|EBC|01|51|1|003|100|CA|PB.13 - Pesangon Pindah dan Menetap Pensiun Bagian Keuangan|00||0|0
2026|01|527010|015|08|WA|4719|EBC|01|51|1|003|100|XA|PB.12 - Pelaksanaan Mutasi|00||0|0
2026|01|527010|015|08|WA|4722|EBD|01|51|1|001|100|EA|PB.15 - Monev Implementasi Integrity Framework|00||0|0
2026|01|527010|015|08|WA|4722|EBD|01|51|1|001|100|JA|PB.60 - Pengendalian Intern Laporan Keuangan BUN Pemerintah|00||0|0
2026|01|527010|015|08|WA|4722|EBD|01|51|1|003|100|EA|PB.15 - Koordinasi Pelaksanaan Tugas Kepatuhan Internal|00||0|0
2026|01|527010|015|08|WA|4722|EBD|01|51|1|003|100|EB|PB.15 - Hakordia|00||0|0
2026|01|527010|015|08|WA|4722|EBD|01|51|1|003|100|EC|PB.15 - Pemantauan Pengendalian Internal|00||0|0
2026|01|527010|015|08|WA|4722|EBD|01|51|1|003|100|ED|PB.15 - Program Kerja Pengawasan Tahunan|00||0|0
2026|01|527010|015|08|WA|4722|EBD|01|51|1|003|100|EE|PB.15 - Pengelolaan Pengaduan, Penegakan Kode Etik/ Disiplin dan Penyelesaian Tindak Lanjut Hasil Audit|00||0|0
2026|01|527010|015|08|WA|4722|EBD|01|51|1|002|100|EA|PB.15 - Penerapan Manajemen Risiko|00||0|0
2026|01|527010|015|08|WA|4722|EBD|01|51|1|002|100|JA|PB.60 - Pengelolaan Manajemen Risiko Dit. APK|00||0|0
2026|01|527010|015|08|WA|4725|CCL|01|51|1|001|005|TJ|PB.13 - Jasa Pemeliharaan/Annual Technical Support|00||0|0
2026|01|527010|015|08|WA|4725|CCL|01|51|1|003|005|TJ|PB.13 - Jasa Pemeliharaan/Annual Technical Support|00||0|0
2026|01|527010|015|08|WA|4725|CCL|01|51|1|002|005|TJ|PB.13 - Jasa Pemeliharaan/Annual Technical Support|00||0|0
2026|01|527010|015|08|WA|4725|FAB|01|51|1|001|100|LA|PB.80 - Sistem Pengelolaan Data Analitik - Direktorat SITP|00||0|0
2026|01|527010|015|08|WA|4725|FAB|01|51|1|002|100|LA|PB.80 - Pengembangan Sistem Aplikasi BUN - Direktorat SITP|00||0|0
2026|01|527010|015|08|WA|4725|FAB|01|51|1|002|100|TH|Jasa Konsultansi|00||0|0
2026|01|527010|015|08|WA|4725|FAB|01|51|1|003|100|EA|PB.15 - Penyempurnaan Aplikasi INCRIMA|00||0|0
2026|01|527010|015|08|WA|4725|FAB|01|51|1|003|100|LA|PB.80 - Pengembangan Sistem Aplikasi Perbendaharaan - Direktorat SITP|00||0|0
2026|01|527010|015|08|WA|4725|FAB|01|51|1|003|100|TH|Jasa Konsultansi|00||0|0
2026|01|527010|015|08|WA|4725|FAB|01|51|1|307|100|PA|PB.70 - Sinkronisasi Kerjasama Pengembangan Pembayaran Pemerintah (PU)|00||0|0
2026|01|527010|015|08|WA|4725|FAB|01|51|1|006|100|JA|PB.60 - Sistem Informasi Keuangan Republik Indonesia (SIKRI) Dit. APK. Gen.2|00||0|0
2026|01|527010|015|08|WA|4725|FAB|01|51|1|008|100|FA|PB.20 - Modul Penilaian Kinerja Pelaksanaan Anggaran pada OMSPAN|00||0|0
2026|01|527010|015|08|WA|4725|FAB|01|51|1|008|100|FB|PB.20 - Modul Pelaporan Data Capaian Output pada Sakti|00||0|0
2026|01|527010|015|08|WA|4725|FAB|01|51|1|004|100|LA|PB.80 - Pengembangan Sistem Aplikasi Satker - Direktorat SITP|00||0|0
2026|01|579330|015|08|CD|6212|BMB|01|54|2|001|100| A|Profiling UMKM|00||0|0
2026|01|579330|015|08|CD|6212|FAC|01|54|2|001|100| A|Training Modul Aplikasi SAKTI|00||0|0
2026|01|579330|015|08|CD|6212|FAH|01|54|2|001|100| A|TANPA SUB KOMPONEN|00||0|0
2026|01|579330|015|08|CD|6212|FAL|01|54|2|004|100| A|Konsultasi|00||0|0
2026|01|579330|015|08|CD|6212|FAL|01|54|2|004|100| B|Sosialisasi dan Bimbingan Teknis|00||0|0
2026|01|579330|015|08|CD|6213|FAC|01|54|2|001|100| A|Pembinaan Jabatan Fungsional Perbendaharaan|00||0|0
2026|01|579330|015|08|CD|6213|FAE|01|54|2|009|100| A|Monev Penyaluran Pembiayaan Ultra Mikro|00||0|0
2026|01|579330|015|08|CD|6213|FAL|01|54|2|003|100| A|Monev Pelaksanaan Anggaran|00||0|0
2026|01|579330|015|08|CD|6214|FAL|01|54|2|002|100| A|Pelaksanaan Pencairan/Penarikan/Pengesahan Dana|00||0|0
2026|01|579330|015|08|CD|6214|FAL|01|54|2|002|100| B|Penerbitan/Persetujuan/Rekonsiliasi Rekening/SKPP/Konfirmasi Penerimaan Negara, DLL|00||0|0
2026|01|579330|015|08|CD|6215|FAH|01|54|2|003|100| A|Penyusunan Laporan Keuangan Tingkat Kuasa BUN di Daerah|00||0|0
2026|01|579330|015|08|WA|4715|EBA|01|54|2|001|100| A|TANPA SUB KOMPONEN|00||0|0
2026|01|579330|015|08|WA|4715|EBA|01|54|2|001|100| B|Koordinasi Penyusunan ATK PU|00||0|0
2026|01|579330|015|08|WA|4715|EBA|01|54|2|994|002| A|Keperluan Sehari-Hari Perkantoran|00||0|0
2026|01|579330|015|08|WA|4715|EBA|01|54|2|994|002| B|Langganan Daya dan Jasa|00||0|0
2026|01|579330|015|08|WA|4715|EBA|01|54|2|994|002| C|Pelaksanaan Operasional Kantor|00||0|0
2026|01|579330|015|08|WA|4715|EBA|01|54|2|994|002| D|Pemeliharaan Peralatan dan Mesin|00||0|0
2026|01|579330|015|08|WA|4715|EBA|01|54|2|994|002| G|Pemeliharaan Gedung dan Bangunan|00||0|0
2026|01|579330|015|08|WA|4715|EBA|01|54|2|994|002|TJ|Jasa Pemeliharaan/Annual Technical Support (ATS)|00||0|0
2026|01|579330|015|08|WA|4715|EBA|01|54|2|002|100| A|TANPA SUB KOMPONEN|00||0|0
2026|01|579330|015|08|WA|4715|EBB|01|54|2|004|100|GB|Renovasi Gedung / Bangunan Kantor|00||0|0
2026|01|579330|015|08|WA|4715|EBD|01|54|2|Z36|100| B|Pelaksanaan Manajemen Resiko dan Kepatuhan Internal|00||0|0
2026|01|579330|015|08|WA|4718|BMB|01|54|2|002|100| A|TANPA SUB KOMPONEN|00||0|0
2026|01|579330|015|08|WA|4718|BMB|01|54|2|001|100| A|Pembinaan dan Edukasi Publik|00||0|0
2026|01|579330|015|08|WA|4719|EBA|01|54|2|994|001| A|TANPA SUB KOMPONEN|00||0|0
2026|01|579330|015|08|WA|4719|EBA|01|54|2|004|100| A|TANPA SUB KOMPONEN|00||0|0
2026|01|579330|015|08|WA|4719|EBC|01|54|2|001|100|XC|Penyelenggaraan Capacity Building|00||0|0
2026|01|528764|015|08|CD|6212|BMB|25|08|2|001|100| A|Profiling UMKM|00||0|0
2026|01|528764|015|08|CD|6212|FAC|25|08|2|001|100| A|Training Modul Aplikasi SAKTI|00||0|0
2026|01|528764|015|08|CD|6212|FAC|25|08|2|001|100| B|FGD dan Bimtek Transfer Keuangan Daerah|00||0|0
2026|01|528764|015|08|CD|6212|FAH|25|08|2|001|100| A|TANPA SUB KOMPONEN|00||0|0
2026|01|528764|015|08|CD|6212|FAL|25|08|2|004|100| A|Konsultasi|00||0|0
2026|01|528764|015|08|CD|6212|FAL|25|08|2|004|100| B|Sosialisasi dan Bimbingan Teknis|00||0|0
2026|01|528764|015|08|CD|6212|FAL|25|08|2|004|100| D|Pembinaan Pemda, TKD, dan Penandatanganan BAR|00||0|0
2026|01|528764|015|08|CD|6213|FAC|25|08|2|001|100| A|Pembinaan Jabatan Fungsional Perbendaharaan|00||0|0
2026|01|528764|015|08|CD|6213|FAE|25|08|2|009|100| A|Monev Penyaluran Pembiayaan Ultra Mikro|00||0|0
2026|01|528764|015|08|CD|6213|FAL|25|08|2|003|100| A|Monev Pelaksanaan Anggaran|00||0|0
2026|01|528764|015|08|CD|6214|FAL|25|08|2|002|100| A|Pelaksanaan Pencairan/Penarikan/Pengesahan Dana|00||0|0
2026|01|528764|015|08|CD|6214|FAL|25|08|2|002|100| B|Penerbitan/Persetujuan/Rekonsiliasi Rekening/SKPP/Konfirmasi Penerimaan Negara, DLL|00||0|0
2026|01|528764|015|08|CD|6215|FAH|25|08|2|003|100| A|Penyusunan Laporan Keuangan Tingkat Kuasa BUN di Daerah|00||0|0
2026|01|528764|015|08|WA|4715|EBA|25|08|2|001|100| A|TANPA SUB KOMPONEN|00||0|0
2026|01|528764|015|08|WA|4715|EBA|25|08|2|001|100| B|Koordinasi Penyusunan ATK PU|00||0|0
2026|01|528764|015|08|WA|4715|EBA|25|08|2|994|002| A|Keperluan Sehari-Hari Perkantoran|00||0|0
2026|01|528764|015|08|WA|4715|EBA|25|08|2|994|002| B|Langganan Daya dan Jasa|00||0|0
2026|01|528764|015|08|WA|4715|EBA|25|08|2|994|002| C|Pelaksanaan Operasional Kantor|00||0|0
2026|01|528764|015|08|WA|4715|EBA|25|08|2|994|002| D|Pemeliharaan Peralatan dan Mesin|00||0|0
2026|01|528764|015|08|WA|4715|EBA|25|08|2|994|002| G|Pemeliharaan Gedung dan Bangunan|00||0|0
2026|01|528764|015|08|WA|4715|EBA|25|08|2|002|100| A|TANPA SUB KOMPONEN|00||0|0
2026|01|528764|015|08|WA|4715|EBB|25|08|2|004|100|GB|Renovasi / Gedung Bangunan Kantor|00||0|0
2026|01|528764|015|08|WA|4715|EBD|25|08|2|Z36|100| B|Pelaksanaan Manajemen Kinerja, Resiko dan Kepatuhan Internal|00||0|0
2026|01|528764|015|08|WA|4718|BMB|25|08|2|002|100| A|TANPA SUB KOMPONEN|00||0|0
2026|01|528764|015|08|WA|4718|BMB|25|08|2|001|100| A|TANPA SUB KOMPONEN|00||0|0
2026|01|528764|015|08|WA|4719|EBA|25|08|2|994|001| A|TANPA SUB KOMPONEN|00||0|0
2026|01|528764|015|08|WA|4719|EBA|25|08|2|004|100| A|Survey Kepuasan Pengguna Layanan|00||0|0
2026|01|528764|015|08|WA|4719|EBC|25|08|2|001|100|XC|Penyelenggaraan Capacity Building|00||0|0
2026|01|528764|015|08|WA|6990|ABA|25|08|2|001|100|VA|Monitoring Dana Otsus Ke Pemda Prov. Papua Pegunungan|00||0|0
2026|01|613832|015|08|CD|6212|BMB|25|12|2|001|100| A|Profilling UMKM|00||0|0
2026|01|613832|015|08|CD|6212|FAC|25|12|2|001|100| A|Training Modul Aplikasi SAKTI|00||0|0
2026|01|613832|015|08|CD|6212|FAC|25|12|2|001|100| B|FGD dan Bimtek Transfer Keuangan Daerah|00||0|0
2026|01|613832|015|08|CD|6212|FAH|25|12|2|001|100| A|TANPA SUB KOMPONEN|00||0|0
2026|01|613832|015|08|CD|6212|FAL|25|12|2|004|100| A|KONSULTASI|00||0|0
2026|01|613832|015|08|CD|6212|FAL|25|12|2|004|100| B|Sosialisasi dan Bimbingan Teknis|00||0|0
2026|01|613832|015|08|CD|6212|FAL|25|12|2|004|100| D|Pembinaan Pemda, TKD, dan Penandatanganan BAR|00||0|0
2026|01|613832|015|08|CD|6213|FAC|25|12|2|001|100| A|Pembinaan Jabatan Fungsional Perbendaharaan|00||0|0
2026|01|613832|015|08|CD|6213|FAE|25|12|2|009|100| A|Monev Penyaluran Pembiayaan Ultra Mikro|00||0|0
2026|01|613832|015|08|CD|6213|FAL|25|12|2|003|100| A|Monev Pelaksanaan Anggaran|00||0|0
2026|01|613832|015|08|CD|6214|FAL|25|12|2|002|100| A|Pelaksanaan Pencairan/Penarikan/Pengesahan Dana|00||0|0
2026|01|613832|015|08|CD|6214|FAL|25|12|2|002|100| B|Penerbitan/Persetujuan/Rekonsiliasi Rekening/SKPP/Konfirmasi Penerimaan Negara, dll|00||0|0
2026|01|613832|015|08|CD|6215|FAH|25|12|2|003|100| A|Penyusunan Laporan Keuangan Tingkat Kuasa BUN di Daerah|00||0|0
2026|01|613832|015|08|CD|6215|FAH|25|12|2|003|100| B|Koordinasi UAKBUN-D KPPN di Kanwil|00||0|0
2026|01|613832|015|08|WA|4715|EBA|25|12|2|002|100| A|TANPA SUB KOMPONEN|00||0|0
2026|01|613832|015|08|WA|4715|EBA|25|12|2|001|100| A|TANPA SUB KOMPONEN|00||0|0
2026|01|613832|015|08|WA|4715|EBA|25|12|2|001|100| B|Koordinasi Penyusunan ATK PU|00||0|0
2026|01|613832|015|08|WA|4715|EBA|25|12|2|994|002| A|Keperluan Sehari-hari Perkantoran|00||0|0
2026|01|613832|015|08|WA|4715|EBA|25|12|2|994|002| B|Langganan Daya dan Jasa|00||0|0
2026|01|613832|015|08|WA|4715|EBA|25|12|2|994|002| C|Pelaksanaan Operasional Kantor|00||0|0
2026|01|613832|015|08|WA|4715|EBA|25|12|2|994|002| D|Pemeliharaan Peralatan dan Mesin|00||0|0
2026|01|613832|015|08|WA|4715|EBA|25|12|2|994|002| E|Pemeliharaan Gedung dan Bangunan|00||0|0
2026|01|613832|015|08|WA|4715|EBA|25|12|2|994|002|TJ|Jasa Pemeliharaan/Annual Technical Support (ATS)|00||0|0
2026|01|613832|015|08|WA|4715|EBB|25|12|2|004|100|RC|Rekonstruksi Rumah Dinas|00||0|0
2026|01|613832|015|08|WA|4715|EBD|25|12|2|Z36|100| B|Pelaksanaan Manajemen Kinerja, Resiko dan Kepatuhan Internal|00||0|0
2026|01|613832|015|08|WA|4718|BMB|25|12|2|002|100| A|TANPA SUB KOMPONEN|00||0|0
2026|01|613832|015|08|WA|4718|BMB|25|12|2|001|100| A|TANPA SUB KOMPONEN|00||0|0
2026|01|613832|015|08|WA|4719|EBA|25|12|2|994|001| A|TANPA SUB KOMPONEN|00||0|0
2026|01|613832|015|08|WA|4719|EBA|25|12|2|004|100| A|Survey Kepuasan Pengguna Layanan|00||0|0
2026|01|613832|015|08|WA|4719|EBC|25|12|2|001|100| A|Peningkatan Kapasitas SDM|00||0|0
2026|01|613785|015|08|CD|6212|BMB|23|51|2|001|100| A|Profiling UMKM|00||0|0
2026|01|613785|015|08|CD|6212|BMB|23|51|2|001|100| B|Pemberdayaan UMKM - Sosialisasi/Bimtek/Asistensi dan Bazar/Pojok/Rumah UMKM|00||0|0
2026|01|613785|015|08|CD|6212|BMB|23|51|2|001|100| C|Monitoring dan Evaluasi|00||0|0
2026|01|613785|015|08|CD|6212|BMB|23|51|2|001|100| D|Komunikasi Publik - Bazar/Pojok/Rumah UMKM|00||0|0
2026|01|613785|015|08|CD|6212|FAC|23|51|2|002|100| A|Pembinaan Satker BLU|00||0|0
2026|01|613785|015|08|CD|6212|FAC|23|51|2|002|100| B|Asistensi / Pembinaan Pengelolaan Keuangan BLU Daerah|00||0|0
2026|01|613785|015|08|CD|6212|FAH|23|51|2|003|100| A|Pendampingan Penyusunan dan Penyelesaian Permasalahan Laporan Keuangan UAPPA-W dan BLU|00||0|0
2026|01|613785|015|08|CD|6212|FAH|23|51|2|003|100| B|Sosialisasi dan Bimbingan Teknis UAPPA-W|00||0|0
2026|01|613785|015|08|CD|6212|FAH|23|51|2|002|100| A|Forum Koordinasi dan Rekonsiliasi Data dengan Bank Indonesia|00||0|0
2026|01|613785|015|08|CD|6212|FAH|23|51|2|002|100| B|Pembinaan SAP pada Pemerintah Daerah|00||0|0
2026|01|613785|015|08|CD|6212|FAH|23|51|2|002|100| C|Sosialisasi/Bimtek/Workshop/FGD dengan Pemda|00||0|0
2026|01|613785|015|08|CD|6212|FAL|23|51|2|001|100| A|Sosialisasi Peraturan/Kebijakan Pelaksanaan Anggaran|00||0|0
2026|01|613785|015|08|CD|6212|FAL|23|51|2|001|100| B|Pengkoordinasian Kerjasama Ekonomi dan Keuangan Daerah|00||0|0
2026|01|613785|015|08|CD|6212|FAL|23|51|2|001|100| C|Pembinaan dan Bimtek Pengelolaan Keuangan Daerah|00||0|0
2026|01|613785|015|08|CD|6212|FAL|23|51|2|001|100| D|Penyerahan DIPA|00||0|0
2026|01|613785|015|08|CD|6213|ABA|23|51|2|001|100| A|Penyusunan Analisis Potensi Pembiayaan dan Pelaksanaan MoU DJPb dan PT SMI di Daerah|00||0|0
2026|01|613785|015|08|CD|6213|FAE|23|51|2|009|100| B|Monitoring dan  Evaluasi KUR/Penerusan Pinjaman|00||0|0
2026|01|613785|015|08|CD|6213|FAE|23|51|2|009|100| C|Monev Site Visit Fasilitas Likuiditas Pembiayaan Perumahan (FLPP)|00||0|0
2026|01|613785|015|08|CD|6213|FAE|23|51|2|009|100| D|FGD Analisa Fasilitas Likuiditas Pembiayaan Perumahan (FLPP)|00||0|0
2026|01|613785|015|08|CD|6213|FAE|23|51|2|008|100| A|Koordinasi Pelaksanaan Tugas RCE  ALCo|00||0|0
2026|01|613785|015|08|CD|6213|FAL|23|51|2|003|100| A|Pelaksanaan Spending Review|00||0|0
2026|01|613785|015|08|CD|6213|FAL|23|51|2|003|100| C|Review Pelaksanaan Anggaran|00||0|0
2026|01|613785|015|08|CD|6213|FAL|23|51|2|003|100| D|Monitoring dan Evaluasi Pelaksanaan Anggaran|00||0|0
2026|01|613785|015|08|CD|6213|FAL|23|51|2|003|100| E|Pengumpulan Informasi/Penajaman Data Fiskal Regional/Penyusunan KFR|00||0|0
2026|01|613785|015|08|CD|6213|FAL|23|51|2|003|100| F|Publikasi Kajian Fiskal Regional|00||0|0
2026|01|613785|015|08|CD|6213|FAL|23|51|2|003|100| G|Pengumpulan Konfirmasi Informasi Pengelolaan Keuangan Daerah dan Penyusunan Profil Keuangan Daerah|00||0|0
2026|01|613785|015|08|CD|6213|FAL|23|51|2|003|100| H|Monitoring atas Dana Transfer dan Dana Desa|00||0|0
2026|01|613785|015|08|CD|6215|FAH|23|51|2|003|100| A|Pembinaan UAKBUN D (KPPN)|00||0|0
2026|01|613785|015|08|CD|6215|FAH|23|51|2|003|100| B|Koordinasi UAKBUN-D (KPPN)|00||0|0
2026|01|613785|015|08|CD|6215|FAH|23|51|2|001|100| A|Koordinasi Laporan Keuangan Pemerintah Daerah dan/atau BLUD|00||0|0
2026|01|613785|015|08|CD|6215|FAH|23|51|2|001|100| B|Penyusunan Laporan Statistik Keuangan Pemerintah Tingkat Wilayah|00||0|0
2026|01|613785|015|08|CD|6216|FAE|23|51|2|002|100| A|Pelaksanaan Survei Bahan Sumbangan Standar Biaya Masukan|00||0|0
2026|01|613785|015|08|WA|4715|EBA|23|51|2|001|100| A|TANPA SUB KOMPONEN|00||0|0
2026|01|613785|015|08|WA|4715|EBA|23|51|2|001|100| B|Koordinasi Penyusunan ATK PU|00||0|0
2026|01|613785|015|08|WA|4715|EBA|23|51|2|994|002| A|Keperluan Sehari-hari Perkantoran|00||0|0
2026|01|613785|015|08|WA|4715|EBA|23|51|2|994|002| B|Langganan Daya dan Jasa|00||0|0
2026|01|613785|015|08|WA|4715|EBA|23|51|2|994|002| C|Pelaksanaan Operasional Kantor|00||0|0
2026|01|613785|015|08|WA|4715|EBA|23|51|2|994|002| D|Pemeliharaan Peralatan dan Mesin|00||0|0
2026|01|613785|015|08|WA|4715|EBA|23|51|2|994|002| E|Pemeliharaan Gedung dan Bangunan|00||0|0
2026|01|613785|015|08|WA|4715|EBA|23|51|2|994|002|TJ|Jasa Pemeliharaan/Annual Technical Support (ATS)|00||0|0
2026|01|613785|015|08|WA|4715|EBA|23|51|2|002|100| A|TANPA SUB KOMPONEN|00||0|0
2026|01|613785|015|08|WA|4715|EBD|23|51|2|Z26|100| A|Rakor Penyusunan Laporan Keuangan Tingkat UAPPA-W|00||0|0
2026|01|613785|015|08|WA|4715|EBD|23|51|2|Z36|100| A|TANPA SUB KOMPONEN|00||0|0
2026|01|613785|015|08|WA|4718|BMB|23|51|2|002|100| A|TANPA SUB KOMPONEN|00||0|0
2026|01|613785|015|08|WA|4718|BMB|23|51|2|001|100| A|TANPA SUB KOMPONEN|00||0|0
2026|01|613785|015|08|WA|4719|EBA|23|51|2|003|100| A|Pelaksanaan Supervisi Proses Bisnis KPPN|00||0|0
2026|01|613785|015|08|WA|4719|EBA|23|51|2|003|100| B|Koordinasi Inovasi layanan|00||0|0
2026|01|613785|015|08|WA|4719|EBA|23|51|2|994|001| A|TANPA SUB KOMPONEN|00||0|0
2026|01|613785|015|08|WA|4719|EBA|23|51|2|005|100| A|Monitoring dan Evaluasi Implementasi ISO|00||0|0
2026|01|613785|015|08|WA|4719|EBA|23|51|2|005|100| B|Pelaksanaan Supervisi Teknis Aplikasi|00||0|0
2026|01|613785|015|08|WA|4719|EBC|23|51|2|001|100|XC|Penyelenggaraan Capacity Building|00||0|0
2026|01|613785|015|08|WA|4722|EBD|23|51|2|001|100| A|Pelaksanaan Manajemen Resiko dan Kepatuhan Internal|00||0|0
2026|01|613785|015|08|WA|4722|EBD|23|51|2|001|100| B|Pemantauan Kode Etik dan Kepatuhan Pegawai|00||0|0
